# ************************************************************
# Sequel Pro SQL dump
# Version 4541
#
# http://www.sequelpro.com/
# https://github.com/sequelpro/sequelpro
#
# Host: 127.0.0.1 (MySQL 5.5.5-10.4.6-MariaDB)
# Datenbank: booking
# Erstellt am: 2019-09-12 15:49:56 +0000
# ************************************************************


/*!40101 SET @OLD_CHARACTER_SET_CLIENT=@@CHARACTER_SET_CLIENT */;
/*!40101 SET @OLD_CHARACTER_SET_RESULTS=@@CHARACTER_SET_RESULTS */;
/*!40101 SET @OLD_COLLATION_CONNECTION=@@COLLATION_CONNECTION */;
/*!40101 SET NAMES utf8 */;
/*!40014 SET @OLD_FOREIGN_KEY_CHECKS=@@FOREIGN_KEY_CHECKS, FOREIGN_KEY_CHECKS=0 */;
/*!40101 SET @OLD_SQL_MODE=@@SQL_MODE, SQL_MODE='NO_AUTO_VALUE_ON_ZERO' */;
/*!40111 SET @OLD_SQL_NOTES=@@SQL_NOTES, SQL_NOTES=0 */;


# Export von Tabelle booking
# ------------------------------------------------------------

DROP TABLE IF EXISTS `booking`;

CREATE TABLE `booking` (
  `id` int(11) NOT NULL AUTO_INCREMENT,
  `bookingfrom` datetime NOT NULL,
  `bookingtill` datetime NOT NULL,
  `deleted` tinyint(1) DEFAULT NULL,
  `hidden` tinyint(1) DEFAULT NULL,
  `crdate` int(11) DEFAULT NULL,
  `tstamp` int(11) DEFAULT NULL,
  `bookedroom_id` int(11) DEFAULT NULL,
  `guest_id` int(11) DEFAULT NULL,
  PRIMARY KEY (`id`),
  KEY `IDX_E00CEDDE5A1882D0` (`bookedroom_id`),
  KEY `IDX_E00CEDDE9A4AA658` (`guest_id`),
  CONSTRAINT `FK_E00CEDDE5A1882D0` FOREIGN KEY (`bookedroom_id`) REFERENCES `room` (`id`),
  CONSTRAINT `FK_E00CEDDE9A4AA658` FOREIGN KEY (`guest_id`) REFERENCES `guest` (`id`)
) ENGINE=InnoDB DEFAULT CHARSET=utf8mb4 COLLATE=utf8mb4_unicode_ci;

LOCK TABLES `booking` WRITE;
/*!40000 ALTER TABLE `booking` DISABLE KEYS */;

INSERT INTO `booking` (`id`, `bookingfrom`, `bookingtill`, `deleted`, `hidden`, `crdate`, `tstamp`, `bookedroom_id`, `guest_id`)
VALUES
	(1,'2019-04-21 23:35:00','2019-04-22 23:35:00',0,0,1555623347,1555623347,29,10),
	(2,'2019-04-29 23:45:46','2019-04-30 23:45:46',0,0,1555623996,1555623996,5,5),
	(3,'2019-04-01 13:08:38','2019-04-04 13:08:38',0,0,1555672135,1555672135,5,9),
	(4,'2019-04-03 15:30:56','2019-04-06 15:30:56',0,0,1555680670,1555680670,5,24),
	(5,'2019-04-21 20:15:17','2019-04-23 20:15:17',0,0,1555784126,1555784126,5,5),
	(6,'2019-04-09 20:15:40','2019-04-11 20:15:40',0,0,1555784151,1555784151,21,23),
	(7,'2019-04-25 20:31:13','2019-04-26 20:31:13',0,0,1555785082,1555785082,4,5),
	(8,'2019-04-01 20:31:31','2019-04-30 20:31:31',0,0,1555785097,1555785097,5,5),
	(9,'2019-04-14 20:31:48','2019-04-20 20:31:48',0,0,1555785118,1555785118,17,5),
	(10,'2019-04-08 22:07:49','2019-04-12 22:07:43',0,0,1555790877,1555790877,5,32),
	(11,'2019-04-28 19:33:52','2019-04-30 19:33:52',0,0,1556213639,1556213639,6,6),
	(12,'2019-04-30 19:34:10','2019-04-30 19:34:10',0,0,1556213659,1556213659,23,16),
	(13,'2019-04-20 19:36:57','2019-04-14 19:36:57',0,0,1556213878,1556213878,6,5),
	(14,'2019-05-05 16:31:36','2019-05-08 16:31:36',0,0,1557066706,1557066706,24,28),
	(15,'2019-05-05 21:09:16','2019-05-07 21:09:16',0,0,1557256164,1557256164,5,4),
	(16,'2019-05-26 11:07:54','2019-05-29 11:08:01',0,0,1558516085,1558516085,6,6),
	(17,'2019-06-02 11:33:28','2019-06-08 11:33:28',0,0,1558517620,1558517620,5,4),
	(18,'2019-05-26 16:32:43','2019-05-28 16:32:43',0,0,1558535571,1558535571,5,63),
	(19,'2019-05-12 16:33:02','2019-05-17 16:33:02',0,0,1558535592,1558535592,32,17),
	(20,'2019-05-15 17:52:38','2019-05-17 17:52:38',0,0,1558540374,1558540374,6,39),
	(21,'2019-05-23 00:00:00','2019-05-25 10:16:10',0,0,1558599396,1558599396,6,144),
	(22,'2019-05-23 10:27:55','2019-05-23 10:27:55',0,0,1558600084,1558600084,37,28),
	(23,'2019-05-27 11:39:25','2019-05-30 11:39:25',0,0,1558604374,1558604374,48,6),
	(24,'2019-05-26 13:04:06','2019-05-27 13:04:06',0,0,1558609463,1558609463,32,4),
	(25,'2019-05-24 10:00:33','2019-05-25 18:00:33',0,0,1558633968,1558633968,145,53),
	(26,'2019-05-25 10:00:48','2019-05-31 18:00:49',0,0,1558722372,1558722372,4,126),
	(27,'2019-05-26 18:00:38','2019-06-01 20:28:38',0,0,1558722534,1558722534,100,263),
	(28,'2019-05-26 23:15:27','2019-05-28 23:15:27',0,0,1558818948,1558818948,31,4),
	(29,'2019-05-26 23:16:18','2019-05-26 23:16:18',0,0,1558818998,1558818998,4,93),
	(30,'2019-05-27 16:00:59','2019-05-31 13:19:00',0,0,1558869561,1558869561,6,11),
	(31,'2019-05-30 10:00:24','2019-06-07 18:00:30',0,0,1558890621,1558890621,72,99),
	(32,'2019-05-28 18:00:05','2019-05-14 20:00:05',0,0,1558890951,1558890951,215,246),
	(33,'2019-05-07 21:00:52','2019-05-22 21:00:52',0,0,1558894820,1558894820,4,5),
	(34,'2019-05-28 20:47:04','2019-05-30 20:47:04',0,0,1558896571,1558896571,2,5),
	(35,'2019-06-17 12:00:09','2019-06-18 11:03:09',0,0,1560071002,1560071002,64,24),
	(36,'2019-06-27 14:00:34','2019-07-19 15:00:34',0,0,1560071028,1560071028,59,92),
	(37,'2019-06-23 13:00:10','2019-06-24 14:00:10',0,0,1560071059,1560071059,5,5),
	(38,'2019-06-09 13:00:34','2019-06-15 11:04:34',0,0,1560071084,1560071084,5,32);

/*!40000 ALTER TABLE `booking` ENABLE KEYS */;
UNLOCK TABLES;


# Export von Tabelle guest
# ------------------------------------------------------------

DROP TABLE IF EXISTS `guest`;

CREATE TABLE `guest` (
  `id` int(11) NOT NULL AUTO_INCREMENT,
  `lastname` varchar(255) COLLATE utf8mb4_unicode_ci NOT NULL,
  `firstname` varchar(255) COLLATE utf8mb4_unicode_ci NOT NULL,
  `birthday` datetime NOT NULL,
  `hidden` tinyint(1) DEFAULT NULL,
  `deleted` tinyint(1) DEFAULT NULL,
  `crdate` int(11) DEFAULT NULL,
  `tstamp` int(11) DEFAULT NULL,
  PRIMARY KEY (`id`)
) ENGINE=InnoDB DEFAULT CHARSET=utf8mb4 COLLATE=utf8mb4_unicode_ci;

LOCK TABLES `guest` WRITE;
/*!40000 ALTER TABLE `guest` DISABLE KEYS */;

INSERT INTO `guest` (`id`, `lastname`, `firstname`, `birthday`, `hidden`, `deleted`, `crdate`, `tstamp`)
VALUES
	(1,'Fa. Mit Uns','kein Name','1955-06-21 14:26:00',0,0,1555268811,1555268811),
	(2,'Fa. Mit Uns','kein Name','1955-06-21 14:26:00',0,0,1555268811,1555268811),
	(3,'Lepcsenyi','Attila','1955-06-21 14:26:00',0,0,1555268811,1555268811),
	(4,'Levai','Denes','1955-06-21 14:26:00',0,0,1555268811,1555268811),
	(5,'Cosic ','Elvis','1955-06-21 14:26:00',0,0,1555268811,1555268811),
	(6,'Tosic','Stanko','1955-06-21 14:26:00',0,0,1555268811,1555268811),
	(8,'Fa. Top Personal','kein Name','1955-06-21 14:26:00',0,0,1555268811,1555268811),
	(9,'Selistean','Anisoara','1955-06-21 14:26:00',0,0,1555268811,1555268811),
	(10,'Ferstner','Robert','1955-06-21 14:26:00',0,0,1555268811,1555268811),
	(11,'Milicevic','Branimir','1955-06-21 14:26:00',0,0,1555268811,1555268811),
	(12,'Szymaniak','Zdislaw','1955-06-21 14:26:00',0,0,1555268811,1555268811),
	(13,'Srdic','Aleksandar','1991-07-23 14:26:00',0,0,1555268811,1558816827),
	(14,'Pesut','Ivan','1955-06-21 14:26:00',0,0,1555268811,1555268811),
	(15,'Suchomel','Renate','1955-06-21 14:26:00',0,0,1555268811,1555268811),
	(16,'Mitrai ','Joanna','1955-06-21 14:26:00',0,0,1555268811,1555268811),
	(17,'Mitrai ','Bani','1955-06-21 14:26:00',0,0,1555268811,1555268811),
	(18,'Mitrai ','Vasilika','1955-06-21 14:26:00',0,0,1555268811,1555268811),
	(19,'Dujic','Domagoj','1955-06-21 14:26:00',0,0,1555268811,1555268811),
	(20,'Matysek','','1955-06-21 14:26:00',0,0,1555268811,1555268811),
	(21,'On Time Solut.','kein Name','1955-06-21 14:26:00',0,0,1555268811,1555268811),
	(22,'Shaalan ','Ahmed','1955-06-21 14:26:00',0,0,1555268811,1555268811),
	(23,'Polmann','Krystian','1955-06-21 14:26:00',0,0,1555268811,1555268811),
	(24,'Kocur ','Janusz','1955-06-21 14:26:00',0,0,1555268811,1555268811),
	(25,'Karamarkovic','Zeljko','1955-06-21 14:26:00',0,0,1555268811,1555268811),
	(26,'Pospisek','Vivien','1955-06-21 14:26:00',0,0,1555268811,1555268811),
	(27,'Kola','Norbert','1955-06-21 14:26:00',0,0,1555268811,1555268811),
	(28,'Obajdin','Milan','1955-06-21 14:26:00',0,0,1555268811,1555268811),
	(29,'Butescu','Simona','1955-06-21 14:26:00',0,0,1555268811,1555268811),
	(30,'Miladinovic','Aleksandar','1955-06-21 14:26:00',0,0,1555268811,1555268811),
	(31,'Grzana','Adrian','1955-06-21 14:26:00',0,0,1555268811,1555268811),
	(32,'Lipinski','Janusz','1955-06-21 14:26:00',0,0,1555268811,1555268811),
	(33,'Fauru','Olivia','1955-06-21 14:26:00',0,0,1555268811,1555268811),
	(34,'Danchev','Stanislav','1955-06-21 14:26:00',0,0,1555268811,1555268811),
	(35,'Cvetkov','Aleksandar','1955-06-21 14:26:00',0,0,1555268811,1555268811),
	(36,'Peshev','Ivan','1955-06-21 14:26:00',0,0,1555268811,1555268811),
	(37,'Ispas','Ilie','1955-06-21 14:26:00',0,0,1555268811,1555268811),
	(38,'Ispas','Joanna','1955-06-21 14:26:00',0,0,1555268811,1555268811),
	(39,'Ludosan','Bianca','1955-06-21 14:26:00',0,0,1555268811,1555268811),
	(40,'Preda','Ion-Madalin','1955-06-21 14:26:00',0,0,1555268811,1555268811),
	(42,'Zaric','Bojan','1955-06-21 14:26:00',0,0,1555268811,1555268811),
	(43,'Zulic','Demir','1955-06-21 14:26:00',0,0,1555268811,1555268811),
	(44,'Pejic','Mirko','1955-06-21 14:26:00',0,0,1555268811,1555268811),
	(45,'Bekieszczuk','Jan','1955-06-21 14:26:00',0,0,1555268811,1555268811),
	(46,'Vrzeszczynski','Sebastian','1955-06-21 14:26:00',0,0,1555268811,1555268811),
	(47,'Fraszczak','Marek','1955-06-21 14:26:00',0,0,1555268811,1555268811),
	(48,'Dawidzczuk','Robert','1955-06-21 14:26:00',0,0,1555268811,1555268811),
	(49,'On Time Solut.','','1955-06-21 14:26:00',0,0,1555268811,1555268811),
	(50,'Dupla','Janusz','1955-06-21 14:26:00',0,0,1555268811,1555268811),
	(51,'Zawada','Krystian','1955-06-21 14:26:00',0,0,1555268811,1555268811),
	(52,'Szewczyk','Jacek','1955-06-21 14:26:00',0,0,1555268811,1555268811),
	(53,'Skugor ','Zorana','1955-06-21 14:26:00',0,0,1555268811,1555268811),
	(54,'Bajo','Antonio','1955-06-21 14:26:00',0,0,1555268811,1555268811),
	(55,'On Time Aviat.','Sabol Mario','1955-06-21 14:26:00',0,0,1555268811,1555268811),
	(56,'On Time Aviat.','Kein Name','1955-06-21 14:26:00',0,0,1555268811,1555268811),
	(57,'Agfalvi ','Richard','1955-06-21 14:26:00',0,0,1555268811,1555268811),
	(58,'Abgehauen','Zalasinski Artur','1955-06-21 14:26:00',0,0,1555268811,1555268811),
	(59,'Cadar','Joan','1955-06-21 14:26:00',0,0,1555268811,1555268811),
	(60,'?????','Abgehauen','1955-06-21 14:26:00',0,0,1555268811,1555268811),
	(61,'Grkinic','Dalibor','1955-06-21 14:26:00',0,0,1555268811,1555268811),
	(62,'Loncar','Dalibor','1955-06-21 14:26:00',0,0,1555268811,1555268811),
	(63,'Dorner','Martin','1955-06-21 14:26:00',0,0,1555268811,1555268811),
	(64,'Pavol','Dusan','1955-06-21 14:26:00',0,0,1555268811,1555268811),
	(65,'Radikovic','Svjetlan','1955-06-21 14:26:00',0,0,1555268811,1555268811),
	(66,'Denge Bau','kein Name','1955-06-21 14:26:00',0,0,1555268811,1555268811),
	(67,'Hussain','Babar','1955-06-21 14:26:00',0,0,1555268811,1555268811),
	(68,'Hussain','Veronica','1955-06-21 14:26:00',0,0,1555268811,1555268811),
	(69,'Yordanova','Milena','1955-06-21 14:26:00',0,0,1555268811,1555268811),
	(70,'Dimitrov','Stojan','1955-06-21 14:26:00',0,0,1555268811,1555268811),
	(71,'Fundela','Radian','1955-06-21 14:26:00',0,0,1555268811,1555268811),
	(72,'Matei','Carmela','1955-06-21 14:26:00',0,0,1555268811,1555268811),
	(73,'Vujakovic','Milenko','1955-06-21 14:26:00',0,0,1555268811,1555268811),
	(74,'Sliskovic','Marin','1955-06-21 14:26:00',0,0,1555268811,1555268811),
	(75,'Barisic','Janko','1955-06-21 14:26:00',0,0,1555268811,1555268811),
	(76,'Milienkovic','Milan','1955-06-21 14:26:00',0,0,1555268811,1555268811),
	(77,'Tanevski','Ljubco','1955-06-21 14:26:00',0,0,1555268811,1555268811),
	(78,'Dutkiewicz','Pavel','1955-06-21 14:26:00',0,0,1555268811,1555268811),
	(79,'Kwiatkowski','Adam','1955-06-21 14:26:00',0,0,1555268811,1555268811),
	(80,'Velichkov','Dimitri','1955-06-21 14:26:00',0,0,1555268811,1555268811),
	(81,'Top Personal','kein Name','1955-06-21 14:26:00',0,0,1555268811,1555268811),
	(82,'Mitarbeiter Horvath','Zsolt','1955-06-21 14:26:00',0,0,1555268811,1555268811),
	(83,'Mitarbeiter Wieslaw','Bryla','1955-06-21 14:26:00',0,0,1555268811,1555268811),
	(84,'Tudor','Ion','1955-06-21 14:26:00',0,0,1555268811,1555268811),
	(85,'Lacatusu','Sorin','1955-06-21 14:26:00',0,0,1555268811,1555268811),
	(86,'Miocic','Mladen','1955-06-21 14:26:00',0,0,1555268811,1555268811),
	(87,'Habel','Danijel','1955-06-21 14:26:00',0,0,1555268811,1555268811),
	(88,'Pomorisac','Goran','1955-06-21 14:26:00',0,0,1555268811,1555268811),
	(89,'Rajkov','Miroslav','1955-06-21 14:26:00',0,0,1555268811,1555268811),
	(90,'Jekic','Sasa','1955-06-21 14:26:00',0,0,1555268811,1555268811),
	(91,'Miladinovic ','Vladimir','1955-06-21 14:26:00',0,0,1555268811,1555268811),
	(92,'Kojic','Savo','1955-06-21 14:26:00',0,0,1555268811,1555268811),
	(93,'Radmilo','Vladimir','1955-06-21 14:26:00',0,0,1555268811,1555268811),
	(94,'Cosic ','Adnan','1955-06-21 14:26:00',0,0,1555268811,1555268811),
	(95,'Fa. STD','kein Name','1955-06-21 14:26:00',0,0,1555268811,1555268811),
	(96,'Berbece ','Nicolai','1955-06-21 14:26:00',0,0,1555268811,1555268811),
	(97,'Gatalica','Zoran','1955-06-21 14:26:00',0,0,1555268811,1555268811),
	(98,'Adamascu','Andrei','1955-06-21 14:26:00',0,0,1555268811,1555268811),
	(99,'Severinac','Tomislav','1955-06-21 14:26:00',0,0,1555268811,1555268811),
	(100,'Radu','Constantin','1955-06-21 14:26:00',0,0,1555268811,1555268811),
	(101,'Hadzhiynski','Atanas','1955-06-21 14:26:00',0,0,1555268811,1555268811),
	(102,'Velichkovski','Orlin','1955-06-21 14:26:00',0,0,1555268811,1555268811),
	(103,'Andrei','Ionela','1955-06-21 14:26:00',0,0,1555268811,1555268811),
	(104,'Andrei','Daniel','1955-06-21 14:26:00',0,0,1555268811,1555268811),
	(105,'Latifi','Mentor','1955-06-21 14:26:00',0,0,1555268811,1555268811),
	(106,'Stojanovski','Slagjan','1955-06-21 14:26:00',0,0,1555268811,1555268811),
	(107,'Maftei','Vasilica','1955-06-21 14:26:00',0,0,1555268811,1555268811),
	(108,'Plesu','Neculai','1955-06-21 14:26:00',0,0,1555268811,1555268811),
	(109,'Bialek','Krzisztof','1955-06-21 14:26:00',0,0,1555268811,1555268811),
	(110,'Miskovic','Jadranko','1955-06-21 14:26:00',0,0,1555268811,1555268811),
	(111,'Komives','Robert','1955-06-21 14:26:00',0,0,1555268811,1555268811),
	(112,'Cvijanovic','Bojan','1955-06-21 14:26:00',0,0,1555268811,1555268811),
	(113,'Lucic','Dragomir','1955-06-21 14:26:00',0,0,1555268811,1555268811),
	(114,'Klimmas','Anna','1955-06-21 14:26:00',0,0,1555268811,1555268811),
	(115,'Koniczny','Krzystof','1955-06-21 14:26:00',0,0,1555268811,1555268811),
	(116,'Curca','Aurel','1955-06-21 14:26:00',0,0,1555268811,1555268811),
	(117,'Curca','Maria','1955-06-21 14:26:00',0,0,1555268811,1555268811),
	(118,'Valcena','Nicolae','1955-06-21 14:26:00',0,0,1555268811,1555268811),
	(119,'Jezic','Zeljko','1955-06-21 14:26:00',0,0,1555268811,1555268811),
	(120,'Colic ','Ivica','1955-06-21 14:26:00',0,0,1555268811,1555268811),
	(121,'Slabek','Mario','1955-06-21 14:26:00',0,0,1555268811,1555268811),
	(122,'Fa. DIWA','kein Name','1955-06-21 14:26:00',0,0,1555268811,1555268811),
	(123,'Danilova','Tinka','1955-06-21 14:26:00',0,0,1555268811,1555268811),
	(124,'Danilov','Dimitar','1955-06-21 14:26:00',0,0,1555268811,1555268811),
	(125,'Pesteleu','Gheoge','1955-06-21 14:26:00',0,0,1555268811,1555268811),
	(126,'Vedinas','Viorica','1955-06-21 14:26:00',0,0,1555268811,1555268811),
	(127,'Pesteleu','Raul','1955-06-21 14:26:00',0,0,1555268811,1555268811),
	(128,'Pavol','Jakub','1955-06-21 14:26:00',0,0,1555268811,1555268811),
	(129,'Pavol','Patryk','1955-06-21 14:26:00',0,0,1555268811,1555268811),
	(130,'Özdemir','Nizamettin','1955-06-21 14:26:00',0,0,1555268811,1555268811),
	(131,'Batina','Ivan','1955-06-21 14:26:00',0,0,1555268811,1555268811),
	(132,'Kljucanin','Elvis','1955-06-21 14:26:00',0,0,1555268811,1555268811),
	(133,'Jagielski','Damian','1955-06-21 14:26:00',0,0,1555268811,1555268811),
	(134,'Garbacz','Artur','1955-06-21 14:26:00',0,0,1555268811,1555268811),
	(135,'Begic','Mario','1955-06-21 14:26:00',0,0,1555268811,1555268811),
	(136,'Begic','Zdravko','1955-06-21 14:26:00',0,0,1555268811,1555268811),
	(137,'Malcic-Pirin','Miljenko','1955-06-21 14:26:00',0,0,1555268811,1555268811),
	(138,'Cuso','Tode','1955-06-21 14:26:00',0,0,1555268811,1555268811),
	(139,'Cuso','Ljubisa','1955-06-21 14:26:00',0,0,1555268811,1555268811),
	(140,'Tadic','Anto','1955-06-21 14:26:00',0,0,1555268811,1555268811),
	(141,'Sabo','Goran','1955-06-21 14:26:00',0,0,1555268811,1555268811),
	(142,'Caia','Claudiu','1955-06-21 14:26:00',0,0,1555268811,1555268811),
	(143,'Popa','Horatiu','1955-06-21 14:26:00',0,0,1555268811,1555268811),
	(144,'Uminowicz','Artur','1955-06-21 14:26:00',0,0,1555268811,1555268811),
	(145,'Chudzik','Daniel','1955-06-21 14:26:00',0,0,1555268811,1555268811),
	(146,'Jablonski','Artur','1955-06-21 14:26:00',0,0,1555268811,1555268811),
	(147,'Stawicki','Krzystof','1955-06-21 14:26:00',0,0,1555268811,1555268811),
	(148,'Dumitrascu','Eugen-Marius','1955-06-21 14:26:00',0,0,1555268811,1555268811),
	(149,'Dancescu','Catalin','1955-06-21 14:26:00',0,0,1555268811,1555268811),
	(150,'Papuga','Damian','1955-06-21 14:26:00',0,0,1555268811,1555268811),
	(151,'Papuga','Adam','1955-06-21 14:26:00',0,0,1555268811,1555268811),
	(152,'Doru','Roman','1955-06-21 14:26:00',0,0,1555268811,1555268811),
	(153,'Kasalo','Boro','1955-06-21 14:26:00',0,0,1555268811,1555268811),
	(154,'Malinowski','Patryk','1955-06-21 14:26:00',0,0,1555268811,1555268811),
	(155,'Czyzyk','Dariusz','1955-06-21 14:26:00',0,0,1555268811,1555268811),
	(156,'Horvathne','Voradi','1955-06-21 14:26:00',0,0,1555268811,1555268811),
	(157,'Ferencne','Sarmany','1955-06-21 14:26:00',0,0,1555268811,1555268811),
	(158,'Kapitan','Mihayl','1955-06-21 14:26:00',0,0,1555268811,1555268811),
	(159,'Mot','Florin','1955-06-21 14:26:00',0,0,1555268811,1555268811),
	(160,'Locic','Viktor','1955-06-21 14:26:00',0,0,1555268811,1555268811),
	(161,'Juraszek','Rafal','1955-06-21 14:26:00',0,0,1555268811,1555268811),
	(162,'Stanisic','Miroslav','1955-06-21 14:26:00',0,0,1555268811,1555268811),
	(163,'Stevic','Igor','1955-06-21 14:26:00',0,0,1555268811,1555268811),
	(164,'Obrusnik','Norbetr','1955-06-21 14:26:00',0,0,1555268811,1555268811),
	(165,'Sovic','Vjekoslav','1955-06-21 14:26:00',0,0,1555268811,1555268811),
	(166,'Mustafi','Vebi','1955-06-21 14:26:00',0,0,1555268811,1555268811),
	(167,'Cvitic','Mario','1955-06-21 14:26:00',0,0,1555268811,1555268811),
	(168,'Bliznac','Ivo','1955-06-21 14:26:00',0,0,1555268811,1555268811),
	(169,'Schedan','Ilie','1955-06-21 14:26:00',0,0,1555268811,1555268811),
	(170,'Nita','Marinel','1955-06-21 14:26:00',0,0,1555268811,1555268811),
	(171,'Filipovic','Drazen','1955-06-21 14:26:00',0,0,1555268811,1555268811),
	(172,'Mihai','Dorin','1955-06-21 14:26:00',0,0,1555268811,1555268811),
	(173,'Boncu','Camelia','1955-06-21 14:26:00',0,0,1555268811,1555268811),
	(174,'Bondar','Zsolt','1955-06-21 14:26:00',0,0,1555268811,1555268811),
	(175,'Sebok','Josef','1955-06-21 14:26:00',0,0,1555268811,1555268811),
	(176,'Kasprzyk','Janusz','1955-06-21 14:26:00',0,0,1555268811,1555268811),
	(177,'Rebisz','Jaroslaw','1955-06-21 14:26:00',0,0,1555268811,1555268811),
	(178,'Filipovic','Katarina','1955-06-21 14:26:00',0,0,1555268811,1555268811),
	(179,'Filipovic','Vedaran','1955-06-21 14:26:00',0,0,1555268811,1555268811),
	(180,'Wziatek','Robert','1955-06-21 14:26:00',0,0,1555268811,1555268811),
	(181,'Wziatek','Bartosz','1955-06-21 14:26:00',0,0,1555268811,1555268811),
	(182,'Szczepaniak','Szymon','1955-06-21 14:26:00',0,0,1555268811,1555268811),
	(183,'Wojdat','Slawomir','1955-06-21 14:26:00',0,0,1555268811,1555268811),
	(184,'Strabac','Radovan','1955-06-21 14:26:00',0,0,1555268811,1555268811),
	(185,'Blajut','Nelu','1955-06-21 14:26:00',0,0,1555268811,1555268811),
	(186,'Hasinovic','Amer','1955-06-21 14:26:00',0,0,1555268811,1555268811),
	(187,'Hasinovic','Amel','1955-06-21 14:26:00',0,0,1555268811,1555268811),
	(188,'Veliji','Sinisa','1955-06-21 14:26:00',0,0,1555268811,1555268811),
	(189,'Novosel','Goran','1955-06-21 14:26:00',0,0,1555268811,1555268811),
	(190,'Mehmet','Ali','1955-06-21 14:26:00',0,0,1555268811,1555268811),
	(191,'Hagi','Iancu','1955-06-21 14:26:00',0,0,1555268811,1555268811),
	(192,'Popa','Lucian','1955-06-21 14:26:00',0,0,1555268811,1555268811),
	(193,'Kachel','Dorota','1955-06-21 14:26:00',0,0,1555268811,1555268811),
	(194,'Kovac','Zorica','1955-06-21 14:26:00',0,0,1555268811,1555268811),
	(195,'Knietsch','Rajmund','1955-06-21 14:26:00',0,0,1555268811,1555268811),
	(196,'Szczucki','Piotr','1955-06-21 14:26:00',0,0,1555268811,1555268811),
	(197,'Okaz','Daniel','1955-06-21 14:26:00',0,0,1555268811,1555268811),
	(198,'Macura','Aleksandar','1955-06-21 14:26:00',0,0,1555268811,1555268811),
	(199,'Macura','Marko','1955-06-21 14:26:00',0,0,1555268811,1555268811),
	(200,'Iwaniak','Grzegorz','1955-06-21 14:26:00',0,0,1555268811,1555268811),
	(201,'Iwaniak','Damian','1955-06-21 14:26:00',0,0,1555268811,1555268811),
	(202,'Stanimirova','Krasimira','1955-06-21 14:26:00',0,0,1555268811,1555268811),
	(203,'Lazarov','Lyubomir','1955-06-21 14:26:00',0,0,1555268811,1555268811),
	(204,'Tancasz','Laszlone','1955-06-21 14:26:00',0,0,1555268811,1555268811),
	(205,'Kmetyko','Tibor','1955-06-21 14:26:00',0,0,1555268811,1555268811),
	(206,'Bubiec','Piotr','1955-06-21 14:26:00',0,0,1555268811,1555268811),
	(207,'Marciszewski','Leszek','1955-06-21 14:26:00',0,0,1555268811,1555268811),
	(208,'Vasileva','Mariana','1955-06-21 14:26:00',0,0,1555268811,1555268811),
	(209,'Ungureanu','Nicoleta','1955-06-21 14:26:00',0,0,1555268811,1555268811),
	(210,'Daranovic','Dalibor','1955-06-21 14:26:00',0,0,1555268811,1555268811),
	(211,'Mukic','Zeljko','1955-06-21 14:26:00',0,0,1555268811,1555268811),
	(212,'Szaforz','Robert','1955-06-21 14:26:00',0,0,1555268811,1555268811),
	(213,'Demarczyk','Damian','1955-06-21 14:26:00',0,0,1555268811,1555268811),
	(214,'Staszak','Konrad','1955-06-21 14:26:00',0,0,1555268811,1555268811),
	(215,'Sajak','Jerzy','1955-06-21 14:26:00',0,0,1555268811,1555268811),
	(216,'Mijic','Danijel','1955-06-21 14:26:00',0,0,1555268811,1555268811),
	(217,'Orsolic','Marko','1955-06-21 14:26:00',0,0,1555268811,1555268811),
	(218,'Orsolic','Matej','1955-06-21 14:26:00',0,0,1555268811,1555268811),
	(219,'Bratanic','Ivica','1955-06-21 14:26:00',0,0,1555268811,1555268811),
	(220,'Bamburac','Davor','1955-06-21 14:26:00',0,0,1555268811,1555268811),
	(221,'Fa. Aviation Ontime','kein Name','1955-06-21 14:26:00',0,0,1555268811,1555268811),
	(222,'Rebaz','Osman','1955-06-21 14:26:00',0,0,1555268811,1555268811),
	(223,'Krzyzaniak','Maciej','1955-06-21 14:26:00',0,0,1555268811,1555268811),
	(224,'Szlufik','Pawel','1955-06-21 14:26:00',0,0,1555268811,1555268811),
	(225,'Bromborszcz','Rafal','1955-06-21 14:26:00',0,0,1555268811,1555268811),
	(226,'Lezna','Magdalena','1955-06-21 14:26:00',0,0,1555268811,1555268811),
	(227,'Jusic','Sanel','1955-06-21 14:26:00',0,0,1555268811,1555268811),
	(228,'Bozic','Snjezana','1955-06-21 14:26:00',0,0,1555268811,1555268811),
	(229,'Blasczyk','Adrian','1955-06-21 14:26:00',0,0,1555268811,1555268811),
	(230,'Arsenijevic','Dragan','1955-06-21 14:26:00',0,0,1555268811,1555268811),
	(231,'Novak','Milan','1955-06-21 14:26:00',0,0,1555268811,1555268811),
	(232,'Gancarczyk','Bartosz','1955-06-21 14:26:00',0,0,1555268811,1555268811),
	(233,'Belkius','Rafal','1955-06-21 14:26:00',0,0,1555268811,1555268811),
	(234,'Nanai','Zsoltan','1955-06-21 14:26:00',0,0,1555268811,1555268811),
	(235,'Farkas','Fruszina','1955-06-21 14:26:00',0,0,1555268811,1555268811),
	(236,'Mitarbeiter Bloch','Katarzyna','1955-06-21 14:26:00',0,0,1555268811,1555268811),
	(237,'Bloch','Kamil','1955-06-21 14:26:00',0,0,1555268811,1555268811),
	(238,'Zwolinski','Krzystof','1955-06-21 14:26:00',0,0,1555268811,1555268811),
	(239,'Zwolinska','Maria','1955-06-21 14:26:00',0,0,1555268811,1555268811),
	(240,'Litwiniuk','Vladimir','1955-06-21 14:26:00',0,0,1555268811,1555268811),
	(241,'Litwiniuk','Zsanna','1955-06-21 14:26:00',0,0,1555268811,1555268811),
	(242,'Kunovic','Damir','1955-06-21 14:26:00',0,0,1555268811,1555268811),
	(243,'Mitarbeiter Nazimek','Agnieszka','1955-06-21 14:26:00',0,0,1555268811,1555268811),
	(244,'Poljakovic','Zlatan','1955-06-21 14:26:00',0,0,1555268811,1555268811),
	(245,'Davidovic','Kata','1955-06-21 14:26:00',0,0,1555268811,1555268811),
	(246,'Ferenc','Sabo','1955-06-21 14:26:00',0,0,1555268811,1555268811),
	(247,'Piotrowska','Marta','1955-06-21 14:26:00',0,0,1555268811,1555268811),
	(248,'Dobreva','Stela','1955-06-21 14:26:00',0,0,1555268811,1555268811),
	(249,'Sidor','Alexandru','1955-06-21 14:26:00',0,0,1555268811,1555268811),
	(250,'Kolodziej','kein Name','1955-06-21 14:26:00',0,0,1555268811,1555268811),
	(251,'Filipovic','Miodrag','1955-06-21 14:26:00',0,0,1555268811,1555268811),
	(252,'Milenovic','Nenad','1955-06-21 14:26:00',0,0,1555268811,1555268811),
	(253,'Mitarbeiter Pielawa','Alicja','1955-06-21 14:26:00',0,0,1555268811,1555268811),
	(254,'Preisach','Josef','1955-06-21 14:26:00',0,0,1555268811,1555268811),
	(255,'Hadzic','Mehmed','1955-06-21 14:26:00',0,0,1555268811,1555268811),
	(256,'Hadzic','Rasima','1955-06-21 14:26:00',0,0,1555268811,1555268811),
	(257,'Dombravy','Imbre','1955-06-21 14:26:00',0,0,1555268811,1555268811),
	(258,'Pascu','Ion','1955-06-21 14:26:00',0,0,1555268811,1555268811),
	(259,'Delic','Adnan','1955-06-21 14:26:00',0,0,1555268811,1555268811),
	(260,'Brletic','Ana','1955-06-21 14:26:00',0,0,1555268811,1555268811),
	(261,'Condri','Gordana','1955-06-21 14:26:00',0,0,1555268811,1555268811),
	(262,'Abramovic','Goran','1955-06-21 14:26:00',0,0,1555268811,1555268811),
	(263,'Ostoja','Marek','1955-06-21 14:26:00',0,0,1555268811,1555268811),
	(264,'Ostafin','Kamil','1955-06-21 14:26:00',0,0,1555268811,1555268811),
	(265,'Baltzis','Anastasios','1955-06-21 14:26:00',0,0,1555268811,1555268811),
	(266,'Tester','Testomat','1955-06-21 14:26:00',0,0,1558630679,1558633238),
	(267,'einer','hier','1986-05-07 13:00:55',0,0,1558782066,1558782066);

/*!40000 ALTER TABLE `guest` ENABLE KEYS */;
UNLOCK TABLES;


# Export von Tabelle migration_versions
# ------------------------------------------------------------

DROP TABLE IF EXISTS `migration_versions`;

CREATE TABLE `migration_versions` (
  `version` varchar(14) COLLATE utf8mb4_unicode_ci NOT NULL,
  `executed_at` datetime NOT NULL COMMENT '(DC2Type:datetime_immutable)',
  PRIMARY KEY (`version`)
) ENGINE=InnoDB DEFAULT CHARSET=utf8mb4 COLLATE=utf8mb4_unicode_ci;



# Export von Tabelle room
# ------------------------------------------------------------

DROP TABLE IF EXISTS `room`;

CREATE TABLE `room` (
  `id` int(11) NOT NULL AUTO_INCREMENT,
  `name` varchar(255) COLLATE utf8mb4_unicode_ci NOT NULL,
  `beds` int(11) DEFAULT NULL,
  `floor` varchar(255) COLLATE utf8mb4_unicode_ci DEFAULT NULL,
  `house` varchar(255) COLLATE utf8mb4_unicode_ci DEFAULT NULL,
  `hidden` tinyint(1) DEFAULT NULL,
  `deleted` tinyint(1) DEFAULT NULL,
  `crdate` int(11) DEFAULT NULL,
  `tstamp` int(11) DEFAULT NULL,
  `booking_id` int(11) DEFAULT NULL,
  PRIMARY KEY (`id`),
  KEY `IDX_729F519B3301C60` (`booking_id`),
  CONSTRAINT `FK_729F519B3301C60` FOREIGN KEY (`booking_id`) REFERENCES `booking` (`id`)
) ENGINE=InnoDB DEFAULT CHARSET=utf8mb4 COLLATE=utf8mb4_unicode_ci;

LOCK TABLES `room` WRITE;
/*!40000 ALTER TABLE `room` DISABLE KEYS */;

INSERT INTO `room` (`id`, `name`, `beds`, `floor`, `house`, `hidden`, `deleted`, `crdate`, `tstamp`, `booking_id`)
VALUES
	(1,'Room: 01',3,'EG','Haus Ost',NULL,NULL,NULL,NULL,NULL),
	(2,'Room: 02',NULL,'EG','Haus Ost',NULL,NULL,NULL,NULL,NULL),
	(3,'Room: 03',NULL,'EG','Haus Ost',NULL,NULL,NULL,NULL,NULL),
	(4,'Room: 04',NULL,'EG','Haus Ost',NULL,NULL,NULL,NULL,NULL),
	(5,'Room: 05',NULL,'EG','Haus Ost',NULL,NULL,NULL,NULL,NULL),
	(6,'Room: 06',4,'EG','Haus Ost',NULL,NULL,NULL,NULL,NULL),
	(7,'Room: 07',NULL,'EG','Haus Ost',NULL,NULL,NULL,NULL,NULL),
	(8,'Room: 08',NULL,'EG','Haus Ost',NULL,NULL,NULL,NULL,NULL),
	(9,'Room: 09',NULL,'EG','Haus Ost',NULL,NULL,NULL,NULL,NULL),
	(10,'Room: 10',NULL,'EG','Haus Ost',NULL,NULL,NULL,NULL,NULL),
	(11,'Room: 11',NULL,'EG','Haus Ost',NULL,NULL,NULL,NULL,NULL),
	(12,'Room: 12',NULL,'EG','Haus Ost',NULL,NULL,NULL,NULL,NULL),
	(13,'Room: 13',NULL,'EG','Haus Ost',NULL,NULL,NULL,NULL,NULL),
	(14,'Room: 14',NULL,'EG','Haus Ost',NULL,NULL,NULL,NULL,NULL),
	(15,'Room: 01',1,'EG','Haus Süd',NULL,NULL,NULL,NULL,NULL),
	(16,'Room: 02',NULL,'EG','Haus Süd',NULL,NULL,NULL,NULL,NULL),
	(17,'Room: 03',NULL,'EG','Haus Süd',NULL,NULL,NULL,NULL,NULL),
	(18,'Room: 04',NULL,'EG','Haus Süd',NULL,NULL,NULL,NULL,NULL),
	(19,'Room: 07',NULL,'EG','Haus Süd',NULL,NULL,NULL,NULL,NULL),
	(20,'Room: 08',NULL,'EG','Haus Süd',NULL,NULL,NULL,NULL,NULL),
	(21,'Room: 09',NULL,'EG','Haus Süd',NULL,NULL,NULL,NULL,NULL),
	(22,'Room: 10',NULL,'EG','Haus Süd',NULL,NULL,NULL,NULL,NULL),
	(23,'Room: 11',NULL,'EG','Haus Süd',NULL,NULL,NULL,NULL,NULL),
	(24,'Room: 12',NULL,'EG','Haus Süd',NULL,NULL,NULL,NULL,NULL),
	(25,'Room: 13',NULL,'EG','Haus Süd',NULL,NULL,NULL,NULL,NULL),
	(26,'Room: 14',NULL,'EG','Haus Süd',NULL,NULL,NULL,NULL,NULL),
	(27,'Room: 15',NULL,'EG','Haus Süd',NULL,NULL,NULL,NULL,NULL),
	(28,'Room: 16',NULL,'EG','Haus Süd',NULL,NULL,NULL,NULL,NULL),
	(29,'Room: 17',NULL,'EG','Haus Süd',NULL,NULL,NULL,NULL,NULL),
	(30,'Room: 01',NULL,'EG','Haus West',NULL,NULL,NULL,NULL,NULL),
	(31,'Room: 02',NULL,'EG','Haus West',NULL,NULL,NULL,NULL,NULL),
	(32,'Room: 03',NULL,'EG','Haus West',NULL,NULL,NULL,NULL,NULL),
	(33,'Room: 04',NULL,'EG','Haus West',NULL,NULL,NULL,NULL,NULL),
	(34,'Room: 05',NULL,'EG','Haus West',NULL,NULL,NULL,NULL,NULL),
	(35,'Room: 01',NULL,'OG 1','Haus Süd',NULL,NULL,NULL,NULL,NULL),
	(36,'Room: 02',NULL,'OG 1','Haus Süd',NULL,NULL,NULL,NULL,NULL),
	(37,'Room: 03',NULL,'OG 1','Haus Süd',NULL,NULL,NULL,NULL,NULL),
	(38,'Room: 04',NULL,'OG 1','Haus Süd',NULL,NULL,NULL,NULL,NULL),
	(39,'Room: 05',NULL,'OG 1','Haus Süd',NULL,NULL,NULL,NULL,NULL),
	(40,'Room: 06',NULL,'OG 1','Haus Süd',NULL,NULL,NULL,NULL,NULL),
	(41,'Room: 07',NULL,'OG 1','Haus Süd',NULL,NULL,NULL,NULL,NULL),
	(42,'Room: 08',NULL,'OG 1','Haus Süd',NULL,NULL,NULL,NULL,NULL),
	(43,'Room: 09',NULL,'OG 1','Haus Süd',NULL,NULL,NULL,NULL,NULL),
	(44,'Room: 10',NULL,'OG 1','Haus Süd',NULL,NULL,NULL,NULL,NULL),
	(45,'Room: 11',NULL,'OG 1','Haus Süd',NULL,NULL,NULL,NULL,NULL),
	(46,'Room: 12',NULL,'OG 1','Haus Süd',NULL,NULL,NULL,NULL,NULL),
	(47,'Room: 13',NULL,'OG 1','Haus Süd',NULL,NULL,NULL,NULL,NULL),
	(48,'Room: 14',NULL,'OG 1','Haus Süd',NULL,NULL,NULL,NULL,NULL),
	(49,'Room: 15',NULL,'OG 1','Haus Süd',NULL,NULL,NULL,NULL,NULL),
	(50,'Room: 16',NULL,'OG 1','Haus Süd',NULL,NULL,NULL,NULL,NULL),
	(51,'Room: 17',NULL,'OG 1','Haus Süd',NULL,NULL,NULL,NULL,NULL),
	(52,'Room: 18',NULL,'OG 1','Haus Süd',NULL,NULL,NULL,NULL,NULL),
	(53,'Room: 19',NULL,'OG 1','Haus Süd',NULL,NULL,NULL,NULL,NULL),
	(54,'Room: 20',NULL,'OG 1','Haus Süd',NULL,NULL,NULL,NULL,NULL),
	(55,'Room: 21',NULL,'OG 1','Haus Süd',NULL,NULL,NULL,NULL,NULL),
	(56,'Room: 22',NULL,'OG 1','Haus Süd',NULL,NULL,NULL,NULL,NULL),
	(57,'Room: 23',NULL,'OG 1','Haus Süd',NULL,NULL,NULL,NULL,NULL),
	(58,'Room: 24',NULL,'OG 1','Haus Süd',NULL,NULL,NULL,NULL,NULL),
	(59,'Room: 01',NULL,'OG 1','Haus West',NULL,NULL,NULL,NULL,NULL),
	(60,'Room: 02',NULL,'OG 1','Haus West',NULL,NULL,NULL,NULL,NULL),
	(61,'Room: 03',NULL,'OG 1','Haus West',NULL,NULL,NULL,NULL,NULL),
	(62,'Room: 04',NULL,'OG 1','Haus West',NULL,NULL,NULL,NULL,NULL),
	(63,'Room: 05',NULL,'OG 1','Haus West',NULL,NULL,NULL,NULL,NULL),
	(64,'Room: 06',NULL,'OG 1','Haus West',NULL,NULL,NULL,NULL,NULL),
	(65,'Room: 07',NULL,'OG 1','Haus West',NULL,NULL,NULL,NULL,NULL),
	(66,'Room: 08',NULL,'OG 1','Haus West',NULL,NULL,NULL,NULL,NULL),
	(67,'Room: 09',NULL,'OG 1','Haus West',NULL,NULL,NULL,NULL,NULL),
	(68,'Room: 10',NULL,'OG 1','Haus West',NULL,NULL,NULL,NULL,NULL),
	(69,'Room: 11',NULL,'OG 1','Haus West',NULL,NULL,NULL,NULL,NULL),
	(70,'Room: 12',NULL,'OG 1','Haus West',NULL,NULL,NULL,NULL,NULL),
	(71,'Room: 13',NULL,'OG 1','Haus West',NULL,NULL,NULL,NULL,NULL),
	(72,'Room: 14',NULL,'OG 1','Haus West',NULL,NULL,NULL,NULL,NULL),
	(73,'Room: 15',NULL,'OG 1','Haus West',NULL,NULL,NULL,NULL,NULL),
	(74,'Room: 16',NULL,'OG 1','Haus West',NULL,NULL,NULL,NULL,NULL),
	(75,'Room: 17',NULL,'OG 1','Haus West',NULL,NULL,NULL,NULL,NULL),
	(76,'Room: 18',NULL,'OG 1','Haus West',NULL,NULL,NULL,NULL,NULL),
	(77,'Room: 19',NULL,'OG 1','Haus West',NULL,NULL,NULL,NULL,NULL),
	(78,'Room: 20',NULL,'OG 1','Haus West',NULL,NULL,NULL,NULL,NULL),
	(79,'Room: 21',NULL,'OG 1','Haus West',NULL,NULL,NULL,NULL,NULL),
	(80,'Room: 22',NULL,'OG 1','Haus West',NULL,NULL,NULL,NULL,NULL),
	(81,'Room: 01',NULL,'OG 1','Haus Nord',NULL,NULL,NULL,NULL,NULL),
	(82,'Room: 02',NULL,'OG 1','Haus Nord',NULL,NULL,NULL,NULL,NULL),
	(83,'Room: 03',NULL,'OG 1','Haus Nord',NULL,NULL,NULL,NULL,NULL),
	(84,'Room: 04',NULL,'OG 1','Haus Nord',NULL,NULL,NULL,NULL,NULL),
	(85,'Room: 05',NULL,'OG 1','Haus Nord',NULL,NULL,NULL,NULL,NULL),
	(86,'Room: 06',NULL,'OG 1','Haus Nord',NULL,NULL,NULL,NULL,NULL),
	(87,'Room: 07',NULL,'OG 1','Haus Nord',NULL,NULL,NULL,NULL,NULL),
	(88,'Room: 08',NULL,'OG 1','Haus Nord',NULL,NULL,NULL,NULL,NULL),
	(89,'Room: 09',NULL,'OG 1','Haus Nord',NULL,NULL,NULL,NULL,NULL),
	(90,'Room: 10',NULL,'OG 1','Haus Nord',NULL,NULL,NULL,NULL,NULL),
	(91,'Room: 11',NULL,'OG 1','Haus Nord',NULL,NULL,NULL,NULL,NULL),
	(92,'Room: 12',NULL,'OG 1','Haus Nord',NULL,NULL,NULL,NULL,NULL),
	(93,'Room: 13',NULL,'OG 1','Haus Nord',NULL,NULL,NULL,NULL,NULL),
	(94,'Room: 14',NULL,'OG 1','Haus Nord',NULL,NULL,NULL,NULL,NULL),
	(95,'Room: 15',NULL,'OG 1','Haus Nord',NULL,NULL,NULL,NULL,NULL),
	(96,'Room: 16',NULL,'OG 1','Haus Nord',NULL,NULL,NULL,NULL,NULL),
	(97,'Room: 17',NULL,'OG 1','Haus Nord',NULL,NULL,NULL,NULL,NULL),
	(98,'Room: 18',NULL,'OG 1','Haus Nord',NULL,NULL,NULL,NULL,NULL),
	(99,'Room: 05',NULL,'OG 1','Haus Ost',NULL,NULL,NULL,NULL,NULL),
	(100,'Room: 06',NULL,'OG 1','Haus Ost',NULL,NULL,NULL,NULL,NULL),
	(101,'Room: 07',NULL,'OG 1','Haus Ost',NULL,NULL,NULL,NULL,NULL),
	(102,'Room: 08',NULL,'OG 1','Haus Ost',NULL,NULL,NULL,NULL,NULL),
	(103,'Room: 09',NULL,'OG 1','Haus Ost',NULL,NULL,NULL,NULL,NULL),
	(104,'Room: 10',NULL,'OG 1','Haus Ost',NULL,NULL,NULL,NULL,NULL),
	(105,'Room: 11',NULL,'OG 1','Haus Ost',NULL,NULL,NULL,NULL,NULL),
	(106,'Room: 12',NULL,'OG 1','Haus Ost',NULL,NULL,NULL,NULL,NULL),
	(107,'Room: 13',NULL,'OG 1','Haus Ost',NULL,NULL,NULL,NULL,NULL),
	(108,'Room: 14',NULL,'OG 1','Haus Ost',NULL,NULL,NULL,NULL,NULL),
	(109,'Room: 15',NULL,'OG 1','Haus Ost',NULL,NULL,NULL,NULL,NULL),
	(110,'Room: 16',NULL,'OG 1','Haus Ost',NULL,NULL,NULL,NULL,NULL),
	(111,'Room: 17',NULL,'OG 1','Haus Ost',NULL,NULL,NULL,NULL,NULL),
	(112,'Room: 18',NULL,'OG 1','Haus Ost',NULL,NULL,NULL,NULL,NULL),
	(113,'Room: 19',NULL,'OG 1','Haus Ost',NULL,NULL,NULL,NULL,NULL),
	(114,'Room: 01',NULL,'OG 2','Haus Süd',NULL,NULL,NULL,NULL,NULL),
	(115,'Room: 02',NULL,'OG 2','Haus Süd',NULL,NULL,NULL,NULL,NULL),
	(116,'Room: 03',NULL,'OG 2','Haus Süd',NULL,NULL,NULL,NULL,NULL),
	(117,'Room: 04',NULL,'OG 2','Haus Süd',NULL,NULL,NULL,NULL,NULL),
	(118,'Room: 05',NULL,'OG 2','Haus Süd',NULL,NULL,NULL,NULL,NULL),
	(119,'Room: 06',NULL,'OG 2','Haus Süd',NULL,NULL,NULL,NULL,NULL),
	(120,'Room: 07',NULL,'OG 2','Haus Süd',NULL,NULL,NULL,NULL,NULL),
	(121,'Room: 08',NULL,'OG 2','Haus Süd',NULL,NULL,NULL,NULL,NULL),
	(122,'Room: 09',NULL,'OG 2','Haus Süd',NULL,NULL,NULL,NULL,NULL),
	(123,'Room: 10',NULL,'OG 2','Haus Süd',NULL,NULL,NULL,NULL,NULL),
	(124,'Room: 11',NULL,'OG 2','Haus Süd',NULL,NULL,NULL,NULL,NULL),
	(125,'Room: 12',NULL,'OG 2','Haus Süd',NULL,NULL,NULL,NULL,NULL),
	(126,'Room: 13',NULL,'OG 2','Haus Süd',NULL,NULL,NULL,NULL,NULL),
	(127,'Room: 14',NULL,'OG 2','Haus Süd',NULL,NULL,NULL,NULL,NULL),
	(128,'Room: 15',NULL,'OG 2','Haus Süd',NULL,NULL,NULL,NULL,NULL),
	(129,'Room: 16',NULL,'OG 2','Haus Süd',NULL,NULL,NULL,NULL,NULL),
	(130,'Room: 17',NULL,'OG 2','Haus Süd',NULL,NULL,NULL,NULL,NULL),
	(131,'Room: 18',NULL,'OG 2','Haus Süd',NULL,NULL,NULL,NULL,NULL),
	(132,'Room: 01',NULL,'OG 2','Haus West',NULL,NULL,NULL,NULL,NULL),
	(133,'Room: 02',NULL,'OG 2','Haus West',NULL,NULL,NULL,NULL,NULL),
	(134,'Room: 03',NULL,'OG 2','Haus West',NULL,NULL,NULL,NULL,NULL),
	(135,'Room: 04',NULL,'OG 2','Haus West',NULL,NULL,NULL,NULL,NULL),
	(136,'Room: 05',NULL,'OG 2','Haus West',NULL,NULL,NULL,NULL,NULL),
	(137,'Room: 06',NULL,'OG 2','Haus West',NULL,NULL,NULL,NULL,NULL),
	(138,'Room: 07',NULL,'OG 2','Haus West',NULL,NULL,NULL,NULL,NULL),
	(139,'Room: 08',NULL,'OG 2','Haus West',NULL,NULL,NULL,NULL,NULL),
	(140,'Room: 09',NULL,'OG 2','Haus West',NULL,NULL,NULL,NULL,NULL),
	(141,'Room: 10',NULL,'OG 2','Haus West',NULL,NULL,NULL,NULL,NULL),
	(142,'Room: 11',NULL,'OG 2','Haus West',NULL,NULL,NULL,NULL,NULL),
	(143,'Room: 12',NULL,'OG 2','Haus West',NULL,NULL,NULL,NULL,NULL),
	(144,'Room: 13',NULL,'OG 2','Haus West',NULL,NULL,NULL,NULL,NULL),
	(145,'Room: 14',NULL,'OG 2','Haus West',NULL,NULL,NULL,NULL,NULL),
	(146,'Room: 01',NULL,'OG 2','Haus Nord',NULL,NULL,NULL,NULL,NULL),
	(147,'Room: 02',NULL,'OG 2','Haus Nord',NULL,NULL,NULL,NULL,NULL),
	(148,'Room: 03',NULL,'OG 2','Haus Nord',NULL,NULL,NULL,NULL,NULL),
	(149,'Room: 04',NULL,'OG 2','Haus Nord',NULL,NULL,NULL,NULL,NULL),
	(150,'Room: 05',NULL,'OG 2','Haus Nord',NULL,NULL,NULL,NULL,NULL),
	(151,'Room: 06',NULL,'OG 2','Haus Nord',NULL,NULL,NULL,NULL,NULL),
	(152,'Room: 07',NULL,'OG 2','Haus Nord',NULL,NULL,NULL,NULL,NULL),
	(153,'Room: 08',NULL,'OG 2','Haus Nord',NULL,NULL,NULL,NULL,NULL),
	(154,'Room: 09',NULL,'OG 2','Haus Nord',NULL,NULL,NULL,NULL,NULL),
	(155,'Room: 10',NULL,'OG 2','Haus Nord',NULL,NULL,NULL,NULL,NULL),
	(156,'Room: 11',NULL,'OG 2','Haus Nord',NULL,NULL,NULL,NULL,NULL),
	(157,'Room: 12',NULL,'OG 2','Haus Nord',NULL,NULL,NULL,NULL,NULL),
	(158,'Room: 13',NULL,'OG 2','Haus Nord',NULL,NULL,NULL,NULL,NULL),
	(159,'Room: 14',NULL,'OG 2','Haus Nord',NULL,NULL,NULL,NULL,NULL),
	(160,'Room: 15',NULL,'OG 2','Haus Nord',NULL,NULL,NULL,NULL,NULL),
	(161,'Room: 16',NULL,'OG 2','Haus Nord',NULL,NULL,NULL,NULL,NULL),
	(162,'Room: 17',NULL,'OG 2','Haus Nord',NULL,NULL,NULL,NULL,NULL),
	(163,'Room: 18',NULL,'OG 2','Haus Nord',NULL,NULL,NULL,NULL,NULL),
	(164,'Room: 19',NULL,'OG 2','Haus Nord',NULL,NULL,NULL,NULL,NULL),
	(165,'Room: 20',NULL,'OG 2','Haus Nord',NULL,NULL,NULL,NULL,NULL),
	(166,'Room: 21',NULL,'OG 2','Haus Nord',NULL,NULL,NULL,NULL,NULL),
	(167,'Room: 22',NULL,'OG 2','Haus Nord',NULL,NULL,NULL,NULL,NULL),
	(168,'Room: 23',NULL,'OG 2','Haus Nord',NULL,NULL,NULL,NULL,NULL),
	(169,'Room: 24',NULL,'OG 2','Haus Nord',NULL,NULL,NULL,NULL,NULL),
	(170,'Room: 25',NULL,'OG 2','Haus Nord',NULL,NULL,NULL,NULL,NULL),
	(171,'Room: 26',NULL,'OG 2','Haus Nord',NULL,NULL,NULL,NULL,NULL),
	(172,'Room: 01',NULL,'OG 2','Haus Ost',NULL,NULL,NULL,NULL,NULL),
	(173,'Room: 02',NULL,'OG 2','Haus Ost',NULL,NULL,NULL,NULL,NULL),
	(174,'Room: 03',NULL,'OG 2','Haus Ost',NULL,NULL,NULL,NULL,NULL),
	(175,'Room: 04',NULL,'OG 2','Haus Ost',NULL,NULL,NULL,NULL,NULL),
	(176,'Room: 05',NULL,'OG 2','Haus Ost',NULL,NULL,NULL,NULL,NULL),
	(177,'Room: 06',NULL,'OG 2','Haus Ost',NULL,NULL,NULL,NULL,NULL),
	(178,'Room: 07',NULL,'OG 2','Haus Ost',NULL,NULL,NULL,NULL,NULL),
	(179,'Room: 01',NULL,'OG 3','Haus Nord',NULL,NULL,NULL,NULL,NULL),
	(180,'Room: 02',NULL,'OG 3','Haus Nord',NULL,NULL,NULL,NULL,NULL),
	(181,'Room: 03',NULL,'OG 3','Haus Nord',NULL,NULL,NULL,NULL,NULL),
	(182,'Room: 04',NULL,'OG 3','Haus Nord',NULL,NULL,NULL,NULL,NULL),
	(183,'Room: 05',NULL,'OG 3','Haus Nord',NULL,NULL,NULL,NULL,NULL),
	(184,'Room: 06',NULL,'OG 3','Haus Nord',NULL,NULL,NULL,NULL,NULL),
	(185,'Room: 07',NULL,'OG 3','Haus Nord',NULL,NULL,NULL,NULL,NULL),
	(186,'Room: 08',NULL,'OG 3','Haus Nord',NULL,NULL,NULL,NULL,NULL),
	(187,'Room: 09',NULL,'OG 3','Haus Nord',NULL,NULL,NULL,NULL,NULL),
	(188,'Room: 10',NULL,'OG 3','Haus Nord',NULL,NULL,NULL,NULL,NULL),
	(189,'Room: 11',NULL,'OG 3','Haus Nord',NULL,NULL,NULL,NULL,NULL),
	(190,'Room: 12',NULL,'OG 3','Haus Nord',NULL,NULL,NULL,NULL,NULL),
	(191,'Room: 13',NULL,'OG 3','Haus Nord',NULL,NULL,NULL,NULL,NULL),
	(192,'Room: 14',NULL,'OG 3','Haus Nord',NULL,NULL,NULL,NULL,NULL),
	(193,'Room: 15',NULL,'OG 3','Haus Nord',NULL,NULL,NULL,NULL,NULL),
	(194,'Room: 16',NULL,'OG 3','Haus Nord',NULL,NULL,NULL,NULL,NULL),
	(195,'Room: 17',NULL,'OG 3','Haus Nord',NULL,NULL,NULL,NULL,NULL),
	(196,'Room: 18',NULL,'OG 3','Haus Nord',NULL,NULL,NULL,NULL,NULL),
	(197,'Room: 19',NULL,'OG 3','Haus Nord',NULL,NULL,NULL,NULL,NULL),
	(198,'Room: 20',NULL,'OG 3','Haus Nord',NULL,NULL,NULL,NULL,NULL),
	(199,'Room: 21',NULL,'OG 3','Haus Nord',NULL,NULL,NULL,NULL,NULL),
	(200,'Room: 22',NULL,'OG 3','Haus Nord',NULL,NULL,NULL,NULL,NULL),
	(201,'Room: 01',NULL,'OG 3','Haus Süd',NULL,NULL,NULL,NULL,NULL),
	(202,'Room: 02',NULL,'OG 3','Haus Süd',NULL,NULL,NULL,NULL,NULL),
	(203,'Room: 03',NULL,'OG 3','Haus Süd',NULL,NULL,NULL,NULL,NULL),
	(204,'Room: 04',NULL,'OG 3','Haus Süd',NULL,NULL,NULL,NULL,NULL),
	(205,'Room: 05',NULL,'OG 3','Haus Süd',NULL,NULL,NULL,NULL,NULL),
	(206,'Room: 06',NULL,'OG 3','Haus Süd',NULL,NULL,NULL,NULL,NULL),
	(207,'Room: 07',NULL,'OG 3','Haus Süd',NULL,NULL,NULL,NULL,NULL),
	(208,'Room: 08',NULL,'OG 3','Haus Süd',NULL,NULL,NULL,NULL,NULL),
	(209,'Room: 09',NULL,'OG 3','Haus Süd',NULL,NULL,NULL,NULL,NULL),
	(210,'Room: 10',NULL,'OG 3','Haus Süd',NULL,NULL,NULL,NULL,NULL),
	(211,'Room: 11',NULL,'OG 3','Haus Süd',NULL,NULL,NULL,NULL,NULL),
	(212,'Room: 12',NULL,'OG 3','Haus Süd',NULL,NULL,NULL,NULL,NULL),
	(213,'Room: 13',NULL,'OG 3','Haus Süd',NULL,NULL,NULL,NULL,NULL),
	(214,'Room: 14',NULL,'OG 3','Haus Süd',NULL,NULL,NULL,NULL,NULL),
	(215,'Room: 15',NULL,'OG 3','Haus Süd',NULL,NULL,NULL,NULL,NULL),
	(216,'Room: 16',NULL,'OG 3','Haus Süd',NULL,NULL,NULL,NULL,NULL),
	(217,'Room: 17',NULL,'OG 3','Haus Süd',NULL,NULL,NULL,NULL,NULL),
	(218,'Room: 18',NULL,'OG 3','Haus Süd',NULL,NULL,NULL,NULL,NULL),
	(219,'Room: 19',NULL,'OG 3','Haus Süd',NULL,NULL,NULL,NULL,NULL),
	(220,'Room: 20',NULL,'OG 3','Haus Süd',NULL,NULL,NULL,NULL,NULL),
	(221,'Room: 21',NULL,'OG 3','Haus Süd',NULL,NULL,NULL,NULL,NULL),
	(222,'Room: 22',NULL,'OG 3','Haus Süd',NULL,NULL,NULL,NULL,NULL),
	(223,'Room: 23',NULL,'OG 3','Haus Süd',NULL,NULL,NULL,NULL,NULL),
	(224,'Room: 24',NULL,'OG 3','Haus Süd',NULL,NULL,NULL,NULL,NULL),
	(225,'Room: 25',NULL,'OG 3','Haus Süd',NULL,NULL,NULL,NULL,NULL),
	(226,'Room: 26',NULL,'OG 3','Haus Süd',NULL,NULL,NULL,NULL,NULL),
	(227,'Room: 27',NULL,'OG 3','Haus Süd',NULL,NULL,NULL,NULL,NULL),
	(228,'asdfasdfa',NULL,NULL,NULL,0,0,1563467869,1563467869,NULL);

/*!40000 ALTER TABLE `room` ENABLE KEYS */;
UNLOCK TABLES;



/*!40111 SET SQL_NOTES=@OLD_SQL_NOTES */;
/*!40101 SET SQL_MODE=@OLD_SQL_MODE */;
/*!40014 SET FOREIGN_KEY_CHECKS=@OLD_FOREIGN_KEY_CHECKS */;
/*!40101 SET CHARACTER_SET_CLIENT=@OLD_CHARACTER_SET_CLIENT */;
/*!40101 SET CHARACTER_SET_RESULTS=@OLD_CHARACTER_SET_RESULTS */;
/*!40101 SET COLLATION_CONNECTION=@OLD_COLLATION_CONNECTION */;
