# ************************************************************
# Sequel Pro SQL dump
# Version 4541
#
# http://www.sequelpro.com/
# https://github.com/sequelpro/sequelpro
#
# Host: 127.0.0.1 (MySQL 5.7.26)
# Datenbank: booking
# Erstellt am: 2019-11-19 15:22:19 +0000
# ************************************************************


/*!40101 SET @OLD_CHARACTER_SET_CLIENT=@@CHARACTER_SET_CLIENT */;
/*!40101 SET @OLD_CHARACTER_SET_RESULTS=@@CHARACTER_SET_RESULTS */;
/*!40101 SET @OLD_COLLATION_CONNECTION=@@COLLATION_CONNECTION */;
/*!40101 SET NAMES utf8 */;
/*!40014 SET @OLD_FOREIGN_KEY_CHECKS=@@FOREIGN_KEY_CHECKS, FOREIGN_KEY_CHECKS=0 */;
/*!40101 SET @OLD_SQL_MODE=@@SQL_MODE, SQL_MODE='NO_AUTO_VALUE_ON_ZERO' */;
/*!40111 SET @OLD_SQL_NOTES=@@SQL_NOTES, SQL_NOTES=0 */;


# Export von Tabelle booking
# ------------------------------------------------------------

DROP TABLE IF EXISTS `booking`;

CREATE TABLE `booking` (
  `id` int(11) NOT NULL AUTO_INCREMENT,
  `bookingfrom` datetime NOT NULL,
  `bookingtill` datetime NOT NULL,
  `deleted` tinyint(1) DEFAULT NULL,
  `hidden` tinyint(1) DEFAULT NULL,
  `crdate` int(11) DEFAULT NULL,
  `tstamp` int(11) DEFAULT NULL,
  `bookedroom_id` int(11) DEFAULT NULL,
  `guest_id` int(11) DEFAULT NULL,
  PRIMARY KEY (`id`),
  KEY `IDX_E00CEDDE5A1882D0` (`bookedroom_id`),
  KEY `IDX_E00CEDDE9A4AA658` (`guest_id`),
  CONSTRAINT `FK_E00CEDDE5A1882D0` FOREIGN KEY (`bookedroom_id`) REFERENCES `room` (`id`),
  CONSTRAINT `FK_E00CEDDE9A4AA658` FOREIGN KEY (`guest_id`) REFERENCES `guest` (`id`)
) ENGINE=InnoDB DEFAULT CHARSET=utf8mb4 COLLATE=utf8mb4_unicode_ci;

LOCK TABLES `booking` WRITE;
/*!40000 ALTER TABLE `booking` DISABLE KEYS */;

INSERT INTO `booking` (`id`, `bookingfrom`, `bookingtill`, `deleted`, `hidden`, `crdate`, `tstamp`, `bookedroom_id`, `guest_id`)
VALUES
	(1,'2019-04-21 23:35:00','2019-04-22 23:35:00',0,0,1555623347,1555623347,29,10),
	(2,'2019-04-29 23:45:46','2019-04-30 23:45:46',0,0,1555623996,1555623996,5,5),
	(3,'2019-04-01 13:08:38','2019-04-04 13:08:38',0,0,1555672135,1555672135,5,9),
	(4,'2019-04-03 15:30:56','2019-04-06 15:30:56',0,0,1555680670,1555680670,5,24),
	(5,'2019-04-21 20:15:17','2019-04-23 20:15:17',0,0,1555784126,1555784126,5,5),
	(6,'2019-04-09 20:15:40','2019-04-11 20:15:40',0,0,1555784151,1555784151,21,23),
	(7,'2019-04-25 20:31:13','2019-04-26 20:31:13',0,0,1555785082,1555785082,4,5),
	(8,'2019-04-01 20:31:31','2019-04-30 20:31:31',0,0,1555785097,1555785097,5,5),
	(9,'2019-04-14 20:31:48','2019-04-20 20:31:48',0,0,1555785118,1555785118,17,5),
	(10,'2019-04-08 22:07:49','2019-04-12 22:07:43',0,0,1555790877,1555790877,5,32),
	(11,'2019-04-28 19:33:52','2019-04-30 19:33:52',0,0,1556213639,1556213639,6,6),
	(12,'2019-04-30 19:34:10','2019-04-30 19:34:10',0,0,1556213659,1556213659,23,16),
	(13,'2019-04-20 19:36:57','2019-04-14 19:36:57',0,0,1556213878,1556213878,6,5),
	(14,'2019-05-05 16:31:36','2019-05-08 16:31:36',0,0,1557066706,1557066706,24,28),
	(15,'2019-05-05 21:09:16','2019-05-07 21:09:16',0,0,1557256164,1557256164,5,4),
	(16,'2019-05-26 11:07:54','2019-05-29 11:08:01',0,0,1558516085,1558516085,6,6),
	(17,'2019-06-02 11:33:28','2019-06-08 11:33:28',0,0,1558517620,1558517620,5,4),
	(18,'2019-05-26 16:32:43','2019-05-28 16:32:43',0,0,1558535571,1558535571,5,63),
	(19,'2019-05-12 16:33:02','2019-05-17 16:33:02',0,0,1558535592,1558535592,32,17),
	(20,'2019-05-15 17:52:38','2019-05-17 17:52:38',0,0,1558540374,1558540374,6,39),
	(21,'2019-05-23 00:00:00','2019-05-25 10:16:10',0,0,1558599396,1558599396,6,144),
	(22,'2019-05-23 10:27:55','2019-05-23 10:27:55',0,0,1558600084,1558600084,37,28),
	(23,'2019-05-27 11:39:25','2019-05-30 11:39:25',0,0,1558604374,1558604374,48,6),
	(24,'2019-05-26 13:04:06','2019-05-27 13:04:06',0,0,1558609463,1558609463,32,4),
	(25,'2019-05-24 10:00:33','2019-05-25 18:00:33',0,0,1558633968,1558633968,145,53),
	(26,'2019-05-25 10:00:48','2019-05-31 18:00:49',0,0,1558722372,1558722372,4,126),
	(27,'2019-05-26 18:00:38','2019-06-01 20:28:38',0,0,1558722534,1558722534,100,263),
	(28,'2019-05-26 23:15:27','2019-05-28 23:15:27',0,0,1558818948,1558818948,31,4),
	(29,'2019-05-26 23:16:18','2019-05-26 23:16:18',0,0,1558818998,1558818998,4,93),
	(30,'2019-05-27 16:00:59','2019-05-31 13:19:00',0,0,1558869561,1558869561,6,11),
	(31,'2019-05-30 10:00:24','2019-06-07 18:00:30',0,0,1558890621,1558890621,72,99),
	(32,'2019-05-28 18:00:05','2019-05-14 20:00:05',0,0,1558890951,1558890951,215,246),
	(33,'2019-05-07 21:00:52','2019-05-22 21:00:52',0,0,1558894820,1558894820,4,5),
	(34,'2019-05-28 20:47:04','2019-05-30 20:47:04',0,0,1558896571,1558896571,2,5),
	(35,'2019-06-17 12:00:09','2019-06-18 11:03:09',0,0,1560071002,1560071002,64,24),
	(36,'2019-06-27 14:00:34','2019-07-19 15:00:34',0,0,1560071028,1560071028,59,92),
	(37,'2019-06-23 13:00:10','2019-06-24 14:00:10',0,0,1560071059,1560071059,5,5),
	(38,'2019-06-09 13:00:34','2019-06-15 11:04:34',0,0,1560071084,1560071084,5,32),
	(39,'2019-09-22 12:00:53','2019-09-27 21:00:53',0,0,1568308208,1568308208,4,69),
	(40,'2019-09-22 19:32:29','2019-09-30 19:32:29',0,0,1568309556,1568309556,5,44),
	(41,'2019-09-22 19:33:14','2019-09-27 19:33:14',0,0,1568309603,1568309603,4,55),
	(42,'2019-09-22 19:33:14','2019-09-27 19:33:14',0,0,1568309719,1568309719,4,54),
	(43,'2019-09-22 06:00:12','2019-09-25 22:00:12',0,0,1568310090,1568310090,4,22),
	(44,'2019-09-24 19:42:11','2019-09-27 19:42:11',0,0,1568310137,1568310137,5,33),
	(45,'2019-09-29 19:42:43','2019-09-30 19:42:43',0,0,1568310169,1568310169,4,44),
	(46,'2019-09-15 13:09:38','2019-09-25 13:09:38',0,0,1568545845,1568545845,5,33),
	(47,'2019-12-23 00:09:00','2019-12-23 00:09:00',0,0,1568819554,1568819554,54,134),
	(48,'2019-12-23 00:09:00','2019-12-23 00:09:00',0,0,1568819603,1568819603,1,282),
	(49,'2019-12-23 00:09:00','2019-12-23 00:09:00',0,0,1568819723,1568819723,3,4),
	(50,'2019-09-22 00:00:00','2019-09-27 00:00:00',0,0,1568820137,1568820137,2,2),
	(51,'2019-12-22 00:00:00','2019-12-24 00:00:00',0,0,1568820396,1568820396,5,3),
	(52,'2019-09-21 00:00:00','2019-09-26 00:00:00',0,0,1569263142,1569263142,4,3),
	(53,'2019-09-28 00:00:00','2019-10-05 00:00:00',0,0,1569263164,1569263164,3,5),
	(54,'2019-09-28 00:00:00','2019-09-28 00:00:00',0,0,1569576650,1569576650,5,1),
	(55,'2019-10-02 00:00:00','2019-10-05 00:00:00',0,0,1569862053,1569862053,18,3),
	(56,'2019-09-28 00:00:00','2019-09-28 00:00:00',0,0,1569862215,1569862215,215,33),
	(57,'2019-10-04 00:00:00','2019-10-04 00:00:00',0,0,1569862334,1569862334,6,44),
	(58,'2019-09-28 00:00:00','2019-10-05 00:00:00',0,0,1569863483,1569863483,3,44),
	(59,'2019-10-02 00:00:00','2019-10-04 00:00:00',0,0,1569863666,1569863666,6,55),
	(60,'2019-10-02 00:00:00','2019-10-04 00:00:00',0,0,1569863730,1569863730,8,23),
	(61,'2019-10-03 00:00:00','2019-10-04 00:00:00',0,0,1569864286,1569864286,4,4),
	(62,'2019-10-05 00:00:00','2019-10-05 00:00:00',0,0,1569865434,1569865434,2,44),
	(63,'2019-10-05 00:00:00','2019-10-05 00:00:00',0,0,1569865508,1569865508,5,34),
	(64,'2019-10-03 00:00:00','2019-10-04 00:00:00',0,0,1569865643,1569865643,2,2),
	(65,'2019-10-05 00:00:00','2019-10-05 00:00:00',0,0,1569865754,1569865754,6,34),
	(66,'2019-10-05 00:00:00','2019-10-05 00:00:00',0,0,1569865960,1569865960,4,1),
	(67,'2019-10-05 00:00:00','2019-10-05 00:00:00',0,0,1569866014,1569866014,4,22),
	(68,'2019-10-05 00:00:00','2019-10-05 00:00:00',0,0,1569866087,1569866087,4,1),
	(69,'2019-10-04 00:00:00','2019-10-03 00:00:00',0,0,1569866101,1569866101,7,54),
	(70,'2019-10-04 00:00:00','2019-10-03 00:00:00',0,0,1569866167,1569866167,7,98),
	(71,'2019-10-04 00:00:00','2019-10-03 00:00:00',0,0,1569866197,1569866197,7,65),
	(72,'2019-10-04 00:00:00','2019-10-03 00:00:00',0,0,1569866199,1569866199,7,77),
	(73,'2019-10-04 00:00:00','2019-10-03 00:00:00',0,0,1569866214,1569866214,7,55),
	(74,'2019-10-04 00:00:00','2019-10-03 00:00:00',0,0,1569866229,1569866229,7,55),
	(75,'2019-10-04 00:00:00','2019-10-03 00:00:00',0,0,1569866248,1569866248,7,1),
	(76,'2019-10-04 00:00:00','2019-10-03 00:00:00',0,0,1569866283,1569866283,7,1),
	(77,'2019-10-04 00:00:00','2019-10-03 00:00:00',0,0,1569866325,1569866325,7,63),
	(78,'2019-10-04 00:00:00','2019-10-03 00:00:00',0,0,1569866381,1569866381,7,1),
	(79,'2019-10-04 00:00:00','2019-10-03 00:00:00',0,0,1569866419,1569866419,7,1),
	(80,'2019-10-04 00:00:00','2019-10-03 00:00:00',0,0,1569866443,1569866443,7,33),
	(81,'2019-10-04 00:00:00','2019-10-03 00:00:00',0,0,1569866478,1569866478,7,35),
	(82,'2019-10-04 00:00:00','2019-10-03 00:00:00',0,0,1569866561,1569866561,7,35),
	(83,'2019-10-04 00:00:00','2019-10-03 00:00:00',0,0,1569866569,1569866569,7,34),
	(84,'2019-10-04 00:00:00','2019-10-03 00:00:00',0,0,1569866584,1569866584,7,34),
	(85,'2019-10-04 00:00:00','2019-10-03 00:00:00',0,0,1569866592,1569866592,7,1),
	(86,'2019-10-04 00:00:00','2019-10-03 00:00:00',0,0,1569866597,1569866597,7,87),
	(87,'2019-10-04 00:00:00','2019-10-03 00:00:00',0,0,1569866603,1569866603,7,123),
	(88,'2019-10-04 00:00:00','2019-10-03 00:00:00',0,0,1569866631,1569866631,7,43),
	(89,'2019-10-04 00:00:00','2019-10-03 00:00:00',0,0,1569866678,1569866678,7,1),
	(90,'2019-10-04 00:00:00','2019-10-03 00:00:00',0,0,1569866694,1569866694,7,78),
	(91,'2019-10-04 00:00:00','2019-10-03 00:00:00',0,0,1569866709,1569866709,7,1),
	(92,'2019-10-04 00:00:00','2019-10-03 00:00:00',0,0,1569866745,1569866745,7,1),
	(93,'2019-10-04 00:00:00','2019-10-03 00:00:00',0,0,1569866754,1569866754,7,1),
	(94,'2019-10-04 00:00:00','2019-10-03 00:00:00',0,0,1569866761,1569866761,7,1),
	(95,'2019-10-04 00:00:00','2019-10-03 00:00:00',0,0,1569866766,1569866766,7,1),
	(96,'2019-10-04 00:00:00','2019-10-03 00:00:00',0,0,1569866787,1569866787,7,1),
	(97,'2019-10-04 00:00:00','2019-10-03 00:00:00',0,0,1569866801,1569866801,7,1),
	(98,'2019-10-04 00:00:00','2019-10-05 00:00:00',0,0,1569866819,1569866819,9,1),
	(99,'2019-09-29 00:00:00','2019-09-30 00:00:00',0,0,1569938170,1569938170,2,1),
	(100,'2019-04-26 00:00:00','2019-10-26 00:00:00',0,0,1571497437,1571497437,10,1),
	(101,'2019-10-19 00:00:00','2019-10-26 00:00:00',0,0,1571578894,1571578894,5,1),
	(102,'2019-10-27 00:00:00','2019-10-31 00:00:00',0,0,1571579805,1571579805,7,278),
	(103,'2019-10-27 00:00:00','2019-10-31 00:00:00',0,0,1571669064,1571669064,2,279),
	(104,'2019-10-28 00:00:00','2019-10-31 00:00:00',0,0,1571768776,1571768776,4,1),
	(105,'2019-10-27 00:00:00','2019-10-30 00:00:00',0,0,1571936675,1571936675,3,277),
	(106,'2019-10-27 00:00:00','2019-10-31 00:00:00',0,0,1572016878,1572016878,6,280),
	(107,'2019-01-30 00:00:00','2019-01-12 00:11:00',0,0,1572437873,1572437873,5,288),
	(108,'2019-10-31 00:00:00','2019-11-30 00:00:00',0,0,1572441844,1572441844,3,284),
	(109,'2019-10-27 00:00:00','2019-11-02 00:00:00',0,0,1572462383,1572462383,9,285),
	(110,'2019-10-28 00:00:00','2019-10-31 00:00:00',0,0,1572462454,1572462454,10,286),
	(111,'2019-10-29 00:00:00','2019-10-31 00:00:00',0,0,1572462613,1572462613,5,287),
	(112,'2019-10-20 00:00:00','2019-10-31 00:00:00',0,0,1572465433,1572465433,12,1),
	(113,'2019-11-01 00:00:00','2019-10-12 00:00:00',0,0,1572794289,1572794289,11,289),
	(114,'2019-01-03 00:00:00','2019-01-13 00:11:00',0,0,1572794432,1572794432,6,290),
	(115,'2019-11-03 00:00:00','2019-11-08 00:00:00',0,0,1572795018,1572795018,4,291),
	(116,'2019-11-10 00:00:00','2019-11-15 00:00:00',0,0,1572862636,1572862636,4,292),
	(117,'2019-11-17 00:00:00','2019-11-23 00:00:00',0,0,1572863107,1572863107,2,293),
	(118,'2019-11-11 00:00:00','2019-11-30 00:00:00',0,0,1572866641,1572866641,5,304),
	(119,'2019-11-04 00:00:00','2019-11-09 00:00:00',0,0,1572867418,1572867418,2,294),
	(120,'2019-01-17 00:11:00','2019-01-30 00:11:00',0,0,1572871452,1572871452,6,295),
	(121,'2019-11-10 00:00:00','2019-11-16 00:00:00',0,0,1572877279,1572877279,5,296),
	(122,'2019-11-03 00:00:00','2019-11-04 00:00:00',0,0,1572881631,1572881631,5,305),
	(123,'2019-11-17 00:00:00','2019-11-30 00:00:00',0,0,1572881697,1572881697,8,306),
	(124,'2019-11-05 00:00:00','2019-11-15 00:00:00',0,0,1572886862,1572886862,7,318),
	(125,'2019-11-10 00:00:00','2019-11-16 00:00:00',0,0,1572887713,1572887713,7,307),
	(126,'2019-11-10 00:00:00','2019-11-16 00:00:00',0,0,1572889168,1572889168,8,308),
	(127,'2019-11-17 00:00:00','2019-11-29 00:00:00',0,0,1573058323,1573058323,7,320),
	(128,'2019-11-17 00:00:00','2019-11-23 00:00:00',0,0,1573059317,1573059317,10,323),
	(129,'2019-11-24 00:00:00','2019-11-30 00:00:00',0,0,1573148495,1573148495,4,314),
	(130,'2019-11-18 00:00:00','2019-11-23 00:00:00',0,0,1573150129,1573150129,6,1),
	(131,'2019-11-02 00:00:00','2019-11-30 00:00:00',0,0,1573150252,1573150252,11,315),
	(132,'2019-11-23 00:00:00','2019-11-30 00:00:00',0,0,1573154876,1573154876,6,316),
	(133,'2021-04-23 00:00:00','2019-11-30 00:00:00',0,0,1573155158,1573155158,4,22),
	(134,'2019-11-01 00:00:00','2019-11-30 00:00:00',0,0,1573161267,1573161267,12,317),
	(135,'2019-11-01 00:00:00','2019-08-31 00:00:00',0,0,1573161653,1573161653,14,319),
	(136,'2019-12-01 00:00:00','2019-12-31 00:00:00',0,0,1573162691,1573162691,8,321),
	(137,'2019-11-17 00:00:00','2019-11-22 00:00:00',0,0,1573575757,1573575757,6,322);

/*!40000 ALTER TABLE `booking` ENABLE KEYS */;
UNLOCK TABLES;


# Export von Tabelle damage
# ------------------------------------------------------------

DROP TABLE IF EXISTS `damage`;

CREATE TABLE `damage` (
  `id` int(11) NOT NULL AUTO_INCREMENT,
  `damageart` varchar(255) COLLATE utf8mb4_unicode_ci NOT NULL,
  `damagetext` longtext COLLATE utf8mb4_unicode_ci,
  `price` varchar(255) COLLATE utf8mb4_unicode_ci DEFAULT NULL,
  `damage_id` int(11) DEFAULT NULL,
  `hidden` tinyint(1) DEFAULT NULL,
  `deleted` tinyint(1) DEFAULT NULL,
  `crdate` int(11) DEFAULT NULL,
  `tstamp` int(11) DEFAULT NULL,
  `booking_id` int(11) DEFAULT NULL,
  PRIMARY KEY (`id`),
  KEY `IDX_11C8546C6CE425B7` (`damage_id`),
  KEY `IDX_11C8546C3301C60` (`booking_id`),
  CONSTRAINT `FK_11C8546C3301C60` FOREIGN KEY (`booking_id`) REFERENCES `booking` (`id`),
  CONSTRAINT `FK_11C8546C6CE425B7` FOREIGN KEY (`damage_id`) REFERENCES `booking` (`id`)
) ENGINE=InnoDB DEFAULT CHARSET=utf8mb4 COLLATE=utf8mb4_unicode_ci;

LOCK TABLES `damage` WRITE;
/*!40000 ALTER TABLE `damage` DISABLE KEYS */;

INSERT INTO `damage` (`id`, `damageart`, `damagetext`, `price`, `damage_id`, `hidden`, `deleted`, `crdate`, `tstamp`, `booking_id`)
VALUES
	(1,'Et dicta excepturi sit dignissimos quo consectetur tempor voluptates qui consequuntur','Aut officiis aut off','144',NULL,0,0,1572794057,1572794057,104),
	(2,'Et dicta excepturi sit dignissimos quo consectetur tempor voluptates qui consequuntur','Aut officiis aut off','144',108,0,0,1572794066,1572794066,108),
	(3,'Elit et et quis cupiditate vel placeat','Rerum nemo est sint ','60',108,0,0,1572794243,1572794243,108),
	(4,'Consequat Quod quis expedita ullamco quam architecto aut culpa cillum perferendis possimus cillum sed molestiae eaque facere','Voluptas dolor id a','374',114,0,0,1572794576,1572794576,114),
	(5,'Sed cum debitis sit ipsam vel et','Nihil iste sit cons','923',49,0,0,1572794814,1572794814,49),
	(6,'Vero et temporibus qui quidem ipsum ut nulla','Ut itaque rerum qui ','978',115,0,0,1572795260,1572795260,115),
	(7,'Corporis assumenda in veritatis non necessitatibus','Enim aut in nihil er','993',115,0,0,1572795281,1572795281,115),
	(8,'Maxime sint qui ut et ut','Neque sed pariatur ','39',116,0,0,1572862770,1572862770,116),
	(9,'Et voluptatum est molestiae consequatur Voluptatem cupiditate est quis non culpa alias mollitia voluptatum aliquid magni quisquam','Magni vero facere te','778',122,0,0,1572885438,1572885438,122),
	(10,'Rerum laboriosam pariatur Ex et ut','Itaque odio velit qu','123',125,0,0,1572887833,1572887833,125),
	(11,'Labore nulla aliquam quia dolore consectetur quam quaerat voluptatem enim optio consequatur natus recusandae Est cum blanditiis error','Earum sunt vel non v','749',134,0,0,1573161425,1573161425,134),
	(12,'In voluptas iste tempor minus doloremque officia','Aut consequuntur com','809',134,0,0,1573161434,1573161434,134),
	(13,'Suscipit iste cum magna sed et consequuntur maxime duis velit culpa','Autem recusandae Re','196',135,0,0,1573161718,1573161718,135),
	(14,'Exercitation minima officia perspiciatis totam architecto dolor quidem veniam aut veniam et ut est eu nesciunt voluptatem non','Sint aspernatur sit','140',136,0,0,1573162780,1573162780,136);

/*!40000 ALTER TABLE `damage` ENABLE KEYS */;
UNLOCK TABLES;


# Export von Tabelle guest
# ------------------------------------------------------------

DROP TABLE IF EXISTS `guest`;

CREATE TABLE `guest` (
  `id` int(11) NOT NULL AUTO_INCREMENT,
  `lastname` varchar(255) COLLATE utf8mb4_unicode_ci NOT NULL,
  `firstname` varchar(255) COLLATE utf8mb4_unicode_ci NOT NULL,
  `birthday` datetime NOT NULL,
  `hidden` tinyint(1) DEFAULT NULL,
  `deleted` tinyint(1) DEFAULT NULL,
  `crdate` int(11) DEFAULT NULL,
  `tstamp` int(11) DEFAULT NULL,
  `placeofbirth` varchar(255) COLLATE utf8mb4_unicode_ci DEFAULT NULL,
  `country` varchar(255) COLLATE utf8mb4_unicode_ci DEFAULT NULL,
  `phone` varchar(255) COLLATE utf8mb4_unicode_ci DEFAULT NULL,
  `email` varchar(255) COLLATE utf8mb4_unicode_ci DEFAULT NULL,
  `personalid` varchar(255) COLLATE utf8mb4_unicode_ci DEFAULT NULL,
  `type` int(11) DEFAULT NULL,
  `bookingids` varchar(255) COLLATE utf8mb4_unicode_ci DEFAULT NULL,
  `companyname` varchar(255) COLLATE utf8mb4_unicode_ci DEFAULT NULL,
  `address` longtext COLLATE utf8mb4_unicode_ci,
  `taxnumber` varchar(255) COLLATE utf8mb4_unicode_ci DEFAULT NULL,
  `signatureauthorized` varchar(255) COLLATE utf8mb4_unicode_ci DEFAULT NULL,
  PRIMARY KEY (`id`)
) ENGINE=InnoDB DEFAULT CHARSET=utf8mb4 COLLATE=utf8mb4_unicode_ci;

LOCK TABLES `guest` WRITE;
/*!40000 ALTER TABLE `guest` DISABLE KEYS */;

INSERT INTO `guest` (`id`, `lastname`, `firstname`, `birthday`, `hidden`, `deleted`, `crdate`, `tstamp`, `placeofbirth`, `country`, `phone`, `email`, `personalid`, `type`, `bookingids`, `companyname`, `address`, `taxnumber`, `signatureauthorized`)
VALUES
	(1,'Blocked','Blocked','1955-06-21 14:26:00',0,0,1555268811,1555268811,NULL,NULL,NULL,NULL,NULL,NULL,NULL,NULL,NULL,NULL,NULL),
	(2,'Fa. Mit Uns','kein Name','1955-06-21 14:26:00',0,0,1555268811,1555268811,NULL,NULL,NULL,NULL,NULL,NULL,NULL,NULL,NULL,NULL,NULL),
	(3,'Lepcsenyi','Attila','1955-06-21 14:26:00',0,0,1555268811,1555268811,NULL,NULL,NULL,NULL,NULL,NULL,NULL,NULL,NULL,NULL,NULL),
	(4,'Levai','Denes','1955-06-21 14:26:00',0,0,1555268811,1555268811,NULL,NULL,NULL,NULL,NULL,NULL,NULL,NULL,NULL,NULL,NULL),
	(5,'Cosic ','Elvis','1955-06-21 14:26:00',0,0,1555268811,1555268811,NULL,NULL,NULL,NULL,NULL,NULL,NULL,NULL,NULL,NULL,NULL),
	(6,'Tosic','Stanko','1955-06-21 14:26:00',0,0,1555268811,1555268811,NULL,NULL,NULL,NULL,NULL,NULL,NULL,NULL,NULL,NULL,NULL),
	(8,'Fa. Top Personal','kein Name','1955-06-21 14:26:00',0,0,1555268811,1555268811,NULL,NULL,NULL,NULL,NULL,NULL,NULL,NULL,NULL,NULL,NULL),
	(9,'Selistean','Anisoara','1955-06-21 14:26:00',0,0,1555268811,1555268811,NULL,NULL,NULL,NULL,NULL,NULL,NULL,NULL,NULL,NULL,NULL),
	(10,'Ferstner','Robert','1955-06-21 14:26:00',0,0,1555268811,1555268811,NULL,NULL,NULL,NULL,NULL,NULL,NULL,NULL,NULL,NULL,NULL),
	(11,'Milicevic','Branimir','1955-06-21 14:26:00',0,0,1555268811,1555268811,NULL,NULL,NULL,NULL,NULL,NULL,NULL,NULL,NULL,NULL,NULL),
	(12,'Szymaniak','Zdislaw','1955-06-21 14:26:00',0,0,1555268811,1555268811,NULL,NULL,NULL,NULL,NULL,NULL,NULL,NULL,NULL,NULL,NULL),
	(13,'Srdic','Aleksandar','1991-07-23 14:26:00',0,0,1555268811,1558816827,NULL,NULL,NULL,NULL,NULL,NULL,NULL,NULL,NULL,NULL,NULL),
	(14,'Pesut','Ivan','1955-06-21 14:26:00',0,0,1555268811,1555268811,NULL,NULL,NULL,NULL,NULL,NULL,NULL,NULL,NULL,NULL,NULL),
	(15,'Suchomel','Renate','1955-06-21 14:26:00',0,0,1555268811,1555268811,NULL,NULL,NULL,NULL,NULL,NULL,NULL,NULL,NULL,NULL,NULL),
	(16,'Mitrai ','Joanna','1955-06-21 14:26:00',0,0,1555268811,1555268811,NULL,NULL,NULL,NULL,NULL,NULL,NULL,NULL,NULL,NULL,NULL),
	(17,'Mitrai ','Bani','1955-06-21 14:26:00',0,0,1555268811,1555268811,NULL,NULL,NULL,NULL,NULL,NULL,NULL,NULL,NULL,NULL,NULL),
	(18,'Mitrai ','Vasilika','1955-06-21 14:26:00',0,0,1555268811,1555268811,NULL,NULL,NULL,NULL,NULL,NULL,NULL,NULL,NULL,NULL,NULL),
	(19,'Dujic','Domagoj','1955-06-21 14:26:00',0,0,1555268811,1555268811,NULL,NULL,NULL,NULL,NULL,NULL,NULL,NULL,NULL,NULL,NULL),
	(20,'Matysek','','1955-06-21 14:26:00',0,0,1555268811,1555268811,NULL,NULL,NULL,NULL,NULL,NULL,NULL,NULL,NULL,NULL,NULL),
	(21,'On Time Solut.','kein Name','1955-06-21 14:26:00',0,0,1555268811,1555268811,NULL,NULL,NULL,NULL,NULL,NULL,NULL,NULL,NULL,NULL,NULL),
	(22,'Shaalan ','Ahmed','1955-06-21 14:26:00',0,0,1555268811,1555268811,NULL,NULL,NULL,NULL,NULL,NULL,NULL,NULL,NULL,NULL,NULL),
	(23,'Polmann','Krystian','1955-06-21 14:26:00',0,0,1555268811,1555268811,NULL,NULL,NULL,NULL,NULL,NULL,NULL,NULL,NULL,NULL,NULL),
	(24,'Kocur ','Janusz','1955-06-21 14:26:00',0,0,1555268811,1555268811,NULL,NULL,NULL,NULL,NULL,NULL,NULL,NULL,NULL,NULL,NULL),
	(25,'Karamarkovic','Zeljko','1955-06-21 14:26:00',0,0,1555268811,1555268811,NULL,NULL,NULL,NULL,NULL,NULL,NULL,NULL,NULL,NULL,NULL),
	(26,'Pospisek','Vivien','1955-06-21 14:26:00',0,0,1555268811,1555268811,NULL,NULL,NULL,NULL,NULL,NULL,NULL,NULL,NULL,NULL,NULL),
	(27,'Kola','Norbert','1955-06-21 14:26:00',0,0,1555268811,1555268811,NULL,NULL,NULL,NULL,NULL,NULL,NULL,NULL,NULL,NULL,NULL),
	(28,'Obajdin','Milan','1955-06-21 14:26:00',0,0,1555268811,1555268811,NULL,NULL,NULL,NULL,NULL,NULL,NULL,NULL,NULL,NULL,NULL),
	(29,'Butescu','Simona','1955-06-21 14:26:00',0,0,1555268811,1555268811,NULL,NULL,NULL,NULL,NULL,NULL,NULL,NULL,NULL,NULL,NULL),
	(30,'Miladinovic','Aleksandar','1955-06-21 14:26:00',0,0,1555268811,1555268811,NULL,NULL,NULL,NULL,NULL,NULL,NULL,NULL,NULL,NULL,NULL),
	(31,'Grzana','Adrian','1955-06-21 14:26:00',0,0,1555268811,1555268811,NULL,NULL,NULL,NULL,NULL,NULL,NULL,NULL,NULL,NULL,NULL),
	(32,'Lipinski','Janusz','1955-06-21 14:26:00',0,0,1555268811,1555268811,NULL,NULL,NULL,NULL,NULL,NULL,NULL,NULL,NULL,NULL,NULL),
	(33,'Fauru','Olivia','1955-06-21 14:26:00',0,0,1555268811,1555268811,NULL,NULL,NULL,NULL,NULL,NULL,NULL,NULL,NULL,NULL,NULL),
	(34,'Danchev','Stanislav','1955-06-21 14:26:00',0,0,1555268811,1555268811,NULL,NULL,NULL,NULL,NULL,NULL,NULL,NULL,NULL,NULL,NULL),
	(35,'Cvetkov','Aleksandar','1955-06-21 14:26:00',0,0,1555268811,1555268811,NULL,NULL,NULL,NULL,NULL,NULL,NULL,NULL,NULL,NULL,NULL),
	(36,'Peshev','Ivan','1955-06-21 14:26:00',0,0,1555268811,1555268811,NULL,NULL,NULL,NULL,NULL,NULL,NULL,NULL,NULL,NULL,NULL),
	(37,'Ispas','Ilie','1955-06-21 14:26:00',0,0,1555268811,1555268811,NULL,NULL,NULL,NULL,NULL,NULL,NULL,NULL,NULL,NULL,NULL),
	(38,'Ispas','Joanna','1955-06-21 14:26:00',0,0,1555268811,1555268811,NULL,NULL,NULL,NULL,NULL,NULL,NULL,NULL,NULL,NULL,NULL),
	(39,'Ludosan','Bianca','1955-06-21 14:26:00',0,0,1555268811,1555268811,NULL,NULL,NULL,NULL,NULL,NULL,NULL,NULL,NULL,NULL,NULL),
	(40,'Preda','Ion-Madalin','1955-06-21 14:26:00',0,0,1555268811,1555268811,NULL,NULL,NULL,NULL,NULL,NULL,NULL,NULL,NULL,NULL,NULL),
	(42,'Zaric','Bojan','1955-06-21 14:26:00',0,0,1555268811,1555268811,NULL,NULL,NULL,NULL,NULL,NULL,NULL,NULL,NULL,NULL,NULL),
	(43,'Zulic','Demir','1955-06-21 14:26:00',0,0,1555268811,1555268811,NULL,NULL,NULL,NULL,NULL,NULL,NULL,NULL,NULL,NULL,NULL),
	(44,'Pejic','Mirko','1955-06-21 14:26:00',0,0,1555268811,1555268811,NULL,NULL,NULL,NULL,NULL,NULL,NULL,NULL,NULL,NULL,NULL),
	(45,'Bekieszczuk','Jan','1955-06-21 14:26:00',0,0,1555268811,1555268811,NULL,NULL,NULL,NULL,NULL,NULL,NULL,NULL,NULL,NULL,NULL),
	(46,'Vrzeszczynski','Sebastian','1955-06-21 14:26:00',0,0,1555268811,1555268811,NULL,NULL,NULL,NULL,NULL,NULL,NULL,NULL,NULL,NULL,NULL),
	(47,'Fraszczak','Marek','1955-06-21 14:26:00',0,0,1555268811,1555268811,NULL,NULL,NULL,NULL,NULL,NULL,NULL,NULL,NULL,NULL,NULL),
	(48,'Dawidzczuk','Robert','1955-06-21 14:26:00',0,0,1555268811,1555268811,NULL,NULL,NULL,NULL,NULL,NULL,NULL,NULL,NULL,NULL,NULL),
	(49,'On Time Solut.','','1955-06-21 14:26:00',0,0,1555268811,1555268811,NULL,NULL,NULL,NULL,NULL,NULL,NULL,NULL,NULL,NULL,NULL),
	(50,'Dupla','Janusz','1955-06-21 14:26:00',0,0,1555268811,1555268811,NULL,NULL,NULL,NULL,NULL,NULL,NULL,NULL,NULL,NULL,NULL),
	(51,'Zawada','Krystian','1955-06-21 14:26:00',0,0,1555268811,1555268811,NULL,NULL,NULL,NULL,NULL,NULL,NULL,NULL,NULL,NULL,NULL),
	(52,'Szewczyk','Jacek','1955-06-21 14:26:00',0,0,1555268811,1555268811,NULL,NULL,NULL,NULL,NULL,NULL,NULL,NULL,NULL,NULL,NULL),
	(53,'Skugor ','Zorana','1955-06-21 14:26:00',0,0,1555268811,1555268811,NULL,NULL,NULL,NULL,NULL,NULL,NULL,NULL,NULL,NULL,NULL),
	(54,'Bajo','Antonio','1955-06-21 14:26:00',0,0,1555268811,1555268811,NULL,NULL,NULL,NULL,NULL,NULL,NULL,NULL,NULL,NULL,NULL),
	(55,'On Time Aviat.','Sabol Mario','1955-06-21 14:26:00',0,0,1555268811,1555268811,NULL,NULL,NULL,NULL,NULL,NULL,NULL,NULL,NULL,NULL,NULL),
	(56,'On Time Aviat.','Kein Name','1955-06-21 14:26:00',0,0,1555268811,1555268811,NULL,NULL,NULL,NULL,NULL,NULL,NULL,NULL,NULL,NULL,NULL),
	(57,'Agfalvi ','Richard','1955-06-21 14:26:00',0,0,1555268811,1555268811,NULL,NULL,NULL,NULL,NULL,NULL,NULL,NULL,NULL,NULL,NULL),
	(58,'Abgehauen','Zalasinski Artur','1955-06-21 14:26:00',0,0,1555268811,1555268811,NULL,NULL,NULL,NULL,NULL,NULL,NULL,NULL,NULL,NULL,NULL),
	(59,'Cadar','Joan','1955-06-21 14:26:00',0,0,1555268811,1555268811,NULL,NULL,NULL,NULL,NULL,NULL,NULL,NULL,NULL,NULL,NULL),
	(60,'?????','Abgehauen','1955-06-21 14:26:00',0,0,1555268811,1555268811,NULL,NULL,NULL,NULL,NULL,NULL,NULL,NULL,NULL,NULL,NULL),
	(61,'Grkinic','Dalibor','1955-06-21 14:26:00',0,0,1555268811,1555268811,NULL,NULL,NULL,NULL,NULL,NULL,NULL,NULL,NULL,NULL,NULL),
	(62,'Loncar','Dalibor','1955-06-21 14:26:00',0,0,1555268811,1555268811,NULL,NULL,NULL,NULL,NULL,NULL,NULL,NULL,NULL,NULL,NULL),
	(63,'Dorner','Martin','1955-06-21 14:26:00',0,0,1555268811,1555268811,NULL,NULL,NULL,NULL,NULL,NULL,NULL,NULL,NULL,NULL,NULL),
	(64,'Pavol','Dusan','1955-06-21 14:26:00',0,0,1555268811,1555268811,NULL,NULL,NULL,NULL,NULL,NULL,NULL,NULL,NULL,NULL,NULL),
	(65,'Radikovic','Svjetlan','1955-06-21 14:26:00',0,0,1555268811,1555268811,NULL,NULL,NULL,NULL,NULL,NULL,NULL,NULL,NULL,NULL,NULL),
	(66,'Denge Bau','kein Name','1955-06-21 14:26:00',0,0,1555268811,1555268811,NULL,NULL,NULL,NULL,NULL,NULL,NULL,NULL,NULL,NULL,NULL),
	(67,'Hussain','Babar','1955-06-21 14:26:00',0,0,1555268811,1555268811,NULL,NULL,NULL,NULL,NULL,NULL,NULL,NULL,NULL,NULL,NULL),
	(68,'Hussain','Veronica','1955-06-21 14:26:00',0,0,1555268811,1555268811,NULL,NULL,NULL,NULL,NULL,NULL,NULL,NULL,NULL,NULL,NULL),
	(69,'Yordanova','Milena','1955-06-21 14:26:00',0,0,1555268811,1555268811,NULL,NULL,NULL,NULL,NULL,NULL,NULL,NULL,NULL,NULL,NULL),
	(70,'Dimitrov','Stojan','1955-06-21 14:26:00',0,0,1555268811,1555268811,NULL,NULL,NULL,NULL,NULL,NULL,NULL,NULL,NULL,NULL,NULL),
	(71,'Fundela','Radian','1955-06-21 14:26:00',0,0,1555268811,1555268811,NULL,NULL,NULL,NULL,NULL,NULL,NULL,NULL,NULL,NULL,NULL),
	(72,'Matei','Carmela','1955-06-21 14:26:00',0,0,1555268811,1555268811,NULL,NULL,NULL,NULL,NULL,NULL,NULL,NULL,NULL,NULL,NULL),
	(73,'Vujakovic','Milenko','1955-06-21 14:26:00',0,0,1555268811,1555268811,NULL,NULL,NULL,NULL,NULL,NULL,NULL,NULL,NULL,NULL,NULL),
	(74,'Sliskovic','Marin','1955-06-21 14:26:00',0,0,1555268811,1555268811,NULL,NULL,NULL,NULL,NULL,NULL,NULL,NULL,NULL,NULL,NULL),
	(75,'Barisic','Janko','1955-06-21 14:26:00',0,0,1555268811,1555268811,NULL,NULL,NULL,NULL,NULL,NULL,NULL,NULL,NULL,NULL,NULL),
	(76,'Milienkovic','Milan','1955-06-21 14:26:00',0,0,1555268811,1555268811,NULL,NULL,NULL,NULL,NULL,NULL,NULL,NULL,NULL,NULL,NULL),
	(77,'Tanevski','Ljubco','1955-06-21 14:26:00',0,0,1555268811,1555268811,NULL,NULL,NULL,NULL,NULL,NULL,NULL,NULL,NULL,NULL,NULL),
	(78,'Dutkiewicz','Pavel','1955-06-21 14:26:00',0,0,1555268811,1555268811,NULL,NULL,NULL,NULL,NULL,NULL,NULL,NULL,NULL,NULL,NULL),
	(79,'Kwiatkowski','Adam','1955-06-21 14:26:00',0,0,1555268811,1555268811,NULL,NULL,NULL,NULL,NULL,NULL,NULL,NULL,NULL,NULL,NULL),
	(80,'Velichkov','Dimitri','1955-06-21 14:26:00',0,0,1555268811,1555268811,NULL,NULL,NULL,NULL,NULL,NULL,NULL,NULL,NULL,NULL,NULL),
	(81,'Top Personal','kein Name','1955-06-21 14:26:00',0,0,1555268811,1555268811,NULL,NULL,NULL,NULL,NULL,NULL,NULL,NULL,NULL,NULL,NULL),
	(82,'Mitarbeiter Horvath','Zsolt','1955-06-21 14:26:00',0,0,1555268811,1555268811,NULL,NULL,NULL,NULL,NULL,NULL,NULL,NULL,NULL,NULL,NULL),
	(83,'Mitarbeiter Wieslaw','Bryla','1955-06-21 14:26:00',0,0,1555268811,1555268811,NULL,NULL,NULL,NULL,NULL,NULL,NULL,NULL,NULL,NULL,NULL),
	(84,'Tudor','Ion','1955-06-21 14:26:00',0,0,1555268811,1555268811,NULL,NULL,NULL,NULL,NULL,NULL,NULL,NULL,NULL,NULL,NULL),
	(85,'Lacatusu','Sorin','1955-06-21 14:26:00',0,0,1555268811,1555268811,NULL,NULL,NULL,NULL,NULL,NULL,NULL,NULL,NULL,NULL,NULL),
	(86,'Miocic','Mladen','1955-06-21 14:26:00',0,0,1555268811,1555268811,NULL,NULL,NULL,NULL,NULL,NULL,NULL,NULL,NULL,NULL,NULL),
	(87,'Habel','Danijel','1955-06-21 14:26:00',0,0,1555268811,1555268811,NULL,NULL,NULL,NULL,NULL,NULL,NULL,NULL,NULL,NULL,NULL),
	(88,'Pomorisac','Goran','1955-06-21 14:26:00',0,0,1555268811,1555268811,NULL,NULL,NULL,NULL,NULL,NULL,NULL,NULL,NULL,NULL,NULL),
	(89,'Rajkov','Miroslav','1955-06-21 14:26:00',0,0,1555268811,1555268811,NULL,NULL,NULL,NULL,NULL,NULL,NULL,NULL,NULL,NULL,NULL),
	(90,'Jekic','Sasa','1955-06-21 14:26:00',0,0,1555268811,1555268811,NULL,NULL,NULL,NULL,NULL,NULL,NULL,NULL,NULL,NULL,NULL),
	(91,'Miladinovic ','Vladimir','1955-06-21 14:26:00',0,0,1555268811,1555268811,NULL,NULL,NULL,NULL,NULL,NULL,NULL,NULL,NULL,NULL,NULL),
	(92,'Kojic','Savo','1955-06-21 14:26:00',0,0,1555268811,1555268811,NULL,NULL,NULL,NULL,NULL,NULL,NULL,NULL,NULL,NULL,NULL),
	(93,'Radmilo','Vladimir','1955-06-21 14:26:00',0,0,1555268811,1555268811,NULL,NULL,NULL,NULL,NULL,NULL,NULL,NULL,NULL,NULL,NULL),
	(94,'Cosic ','Adnan','1955-06-21 14:26:00',0,0,1555268811,1555268811,NULL,NULL,NULL,NULL,NULL,NULL,NULL,NULL,NULL,NULL,NULL),
	(95,'Fa. STD','kein Name','1955-06-21 14:26:00',0,0,1555268811,1555268811,NULL,NULL,NULL,NULL,NULL,NULL,NULL,NULL,NULL,NULL,NULL),
	(96,'Berbece ','Nicolai','1955-06-21 14:26:00',0,0,1555268811,1555268811,NULL,NULL,NULL,NULL,NULL,NULL,NULL,NULL,NULL,NULL,NULL),
	(97,'Gatalica','Zoran','1955-06-21 14:26:00',0,0,1555268811,1555268811,NULL,NULL,NULL,NULL,NULL,NULL,NULL,NULL,NULL,NULL,NULL),
	(98,'Adamascu','Andrei','1955-06-21 14:26:00',0,0,1555268811,1555268811,NULL,NULL,NULL,NULL,NULL,NULL,NULL,NULL,NULL,NULL,NULL),
	(99,'Severinac','Tomislav','1955-06-21 14:26:00',0,0,1555268811,1555268811,NULL,NULL,NULL,NULL,NULL,NULL,NULL,NULL,NULL,NULL,NULL),
	(100,'Radu','Constantin','1955-06-21 14:26:00',0,0,1555268811,1555268811,NULL,NULL,NULL,NULL,NULL,NULL,NULL,NULL,NULL,NULL,NULL),
	(101,'Hadzhiynski','Atanas','1955-06-21 14:26:00',0,0,1555268811,1555268811,NULL,NULL,NULL,NULL,NULL,NULL,NULL,NULL,NULL,NULL,NULL),
	(102,'Velichkovski','Orlin','1955-06-21 14:26:00',0,0,1555268811,1555268811,NULL,NULL,NULL,NULL,NULL,NULL,NULL,NULL,NULL,NULL,NULL),
	(103,'Andrei','Ionela','1955-06-21 14:26:00',0,0,1555268811,1555268811,NULL,NULL,NULL,NULL,NULL,NULL,NULL,NULL,NULL,NULL,NULL),
	(104,'Andrei','Daniel','1955-06-21 14:26:00',0,0,1555268811,1555268811,NULL,NULL,NULL,NULL,NULL,NULL,NULL,NULL,NULL,NULL,NULL),
	(105,'Latifi','Mentor','1955-06-21 14:26:00',0,0,1555268811,1555268811,NULL,NULL,NULL,NULL,NULL,NULL,NULL,NULL,NULL,NULL,NULL),
	(106,'Stojanovski','Slagjan','1955-06-21 14:26:00',0,0,1555268811,1555268811,NULL,NULL,NULL,NULL,NULL,NULL,NULL,NULL,NULL,NULL,NULL),
	(107,'Maftei','Vasilica','1955-06-21 14:26:00',0,0,1555268811,1555268811,NULL,NULL,NULL,NULL,NULL,NULL,NULL,NULL,NULL,NULL,NULL),
	(108,'Plesu','Neculai','1955-06-21 14:26:00',0,0,1555268811,1555268811,NULL,NULL,NULL,NULL,NULL,NULL,NULL,NULL,NULL,NULL,NULL),
	(109,'Bialek','Krzisztof','1955-06-21 14:26:00',0,0,1555268811,1555268811,NULL,NULL,NULL,NULL,NULL,NULL,NULL,NULL,NULL,NULL,NULL),
	(110,'Miskovic','Jadranko','1955-06-21 14:26:00',0,0,1555268811,1555268811,NULL,NULL,NULL,NULL,NULL,NULL,NULL,NULL,NULL,NULL,NULL),
	(111,'Komives','Robert','1955-06-21 14:26:00',0,0,1555268811,1555268811,NULL,NULL,NULL,NULL,NULL,NULL,NULL,NULL,NULL,NULL,NULL),
	(112,'Cvijanovic','Bojan','1955-06-21 14:26:00',0,0,1555268811,1555268811,NULL,NULL,NULL,NULL,NULL,NULL,NULL,NULL,NULL,NULL,NULL),
	(113,'Lucic','Dragomir','1955-06-21 14:26:00',0,0,1555268811,1555268811,NULL,NULL,NULL,NULL,NULL,NULL,NULL,NULL,NULL,NULL,NULL),
	(114,'Klimmas','Anna','1955-06-21 14:26:00',0,0,1555268811,1555268811,NULL,NULL,NULL,NULL,NULL,NULL,NULL,NULL,NULL,NULL,NULL),
	(115,'Koniczny','Krzystof','1955-06-21 14:26:00',0,0,1555268811,1555268811,NULL,NULL,NULL,NULL,NULL,NULL,NULL,NULL,NULL,NULL,NULL),
	(116,'Curca','Aurel','1955-06-21 14:26:00',0,0,1555268811,1555268811,NULL,NULL,NULL,NULL,NULL,NULL,NULL,NULL,NULL,NULL,NULL),
	(117,'Curca','Maria','1955-06-21 14:26:00',0,0,1555268811,1555268811,NULL,NULL,NULL,NULL,NULL,NULL,NULL,NULL,NULL,NULL,NULL),
	(118,'Valcena','Nicolae','1955-06-21 14:26:00',0,0,1555268811,1555268811,NULL,NULL,NULL,NULL,NULL,NULL,NULL,NULL,NULL,NULL,NULL),
	(119,'Jezic','Zeljko','1955-06-21 14:26:00',0,0,1555268811,1555268811,NULL,NULL,NULL,NULL,NULL,NULL,NULL,NULL,NULL,NULL,NULL),
	(120,'Colic ','Ivica','1955-06-21 14:26:00',0,0,1555268811,1555268811,NULL,NULL,NULL,NULL,NULL,NULL,NULL,NULL,NULL,NULL,NULL),
	(121,'Slabek','Mario','1955-06-21 14:26:00',0,0,1555268811,1555268811,NULL,NULL,NULL,NULL,NULL,NULL,NULL,NULL,NULL,NULL,NULL),
	(122,'Fa. DIWA','kein Name','1955-06-21 14:26:00',0,0,1555268811,1555268811,NULL,NULL,NULL,NULL,NULL,NULL,NULL,NULL,NULL,NULL,NULL),
	(123,'Danilova','Tinka','1955-06-21 14:26:00',0,0,1555268811,1555268811,NULL,NULL,NULL,NULL,NULL,NULL,NULL,NULL,NULL,NULL,NULL),
	(124,'Danilov','Dimitar','1955-06-21 14:26:00',0,0,1555268811,1555268811,NULL,NULL,NULL,NULL,NULL,NULL,NULL,NULL,NULL,NULL,NULL),
	(125,'Pesteleu','Gheoge','1955-06-21 14:26:00',0,0,1555268811,1555268811,NULL,NULL,NULL,NULL,NULL,NULL,NULL,NULL,NULL,NULL,NULL),
	(126,'Vedinas','Viorica','1955-06-21 14:26:00',0,0,1555268811,1555268811,NULL,NULL,NULL,NULL,NULL,NULL,NULL,NULL,NULL,NULL,NULL),
	(127,'Pesteleu','Raul','1955-06-21 14:26:00',0,0,1555268811,1555268811,NULL,NULL,NULL,NULL,NULL,NULL,NULL,NULL,NULL,NULL,NULL),
	(128,'Pavol','Jakub','1955-06-21 14:26:00',0,0,1555268811,1555268811,NULL,NULL,NULL,NULL,NULL,NULL,NULL,NULL,NULL,NULL,NULL),
	(129,'Pavol','Patryk','1955-06-21 14:26:00',0,0,1555268811,1555268811,NULL,NULL,NULL,NULL,NULL,NULL,NULL,NULL,NULL,NULL,NULL),
	(130,'Özdemir','Nizamettin','1955-06-21 14:26:00',0,0,1555268811,1555268811,NULL,NULL,NULL,NULL,NULL,NULL,NULL,NULL,NULL,NULL,NULL),
	(131,'Batina','Ivan','1955-06-21 14:26:00',0,0,1555268811,1555268811,NULL,NULL,NULL,NULL,NULL,NULL,NULL,NULL,NULL,NULL,NULL),
	(132,'Kljucanin','Elvis','1955-06-21 14:26:00',0,0,1555268811,1555268811,NULL,NULL,NULL,NULL,NULL,NULL,NULL,NULL,NULL,NULL,NULL),
	(133,'Jagielski','Damian','1955-06-21 14:26:00',0,0,1555268811,1555268811,NULL,NULL,NULL,NULL,NULL,NULL,NULL,NULL,NULL,NULL,NULL),
	(134,'Garbacz','Artur','1955-06-21 14:26:00',0,0,1555268811,1555268811,NULL,NULL,NULL,NULL,NULL,NULL,NULL,NULL,NULL,NULL,NULL),
	(135,'Begic','Mario','1955-06-21 14:26:00',0,0,1555268811,1555268811,NULL,NULL,NULL,NULL,NULL,NULL,NULL,NULL,NULL,NULL,NULL),
	(136,'Begic','Zdravko','1955-06-21 14:26:00',0,0,1555268811,1555268811,NULL,NULL,NULL,NULL,NULL,NULL,NULL,NULL,NULL,NULL,NULL),
	(137,'Malcic-Pirin','Miljenko','1955-06-21 14:26:00',0,0,1555268811,1555268811,NULL,NULL,NULL,NULL,NULL,NULL,NULL,NULL,NULL,NULL,NULL),
	(138,'Cuso','Tode','1955-06-21 14:26:00',0,0,1555268811,1555268811,NULL,NULL,NULL,NULL,NULL,NULL,NULL,NULL,NULL,NULL,NULL),
	(139,'Cuso','Ljubisa','1955-06-21 14:26:00',0,0,1555268811,1555268811,NULL,NULL,NULL,NULL,NULL,NULL,NULL,NULL,NULL,NULL,NULL),
	(140,'Tadic','Anto','1955-06-21 14:26:00',0,0,1555268811,1555268811,NULL,NULL,NULL,NULL,NULL,NULL,NULL,NULL,NULL,NULL,NULL),
	(141,'Sabo','Goran','1955-06-21 14:26:00',0,0,1555268811,1555268811,NULL,NULL,NULL,NULL,NULL,NULL,NULL,NULL,NULL,NULL,NULL),
	(142,'Caia','Claudiu','1955-06-21 14:26:00',0,0,1555268811,1555268811,NULL,NULL,NULL,NULL,NULL,NULL,NULL,NULL,NULL,NULL,NULL),
	(143,'Popa','Horatiu','1955-06-21 14:26:00',0,0,1555268811,1555268811,NULL,NULL,NULL,NULL,NULL,NULL,NULL,NULL,NULL,NULL,NULL),
	(144,'Uminowicz','Artur','1955-06-21 14:26:00',0,0,1555268811,1555268811,NULL,NULL,NULL,NULL,NULL,NULL,NULL,NULL,NULL,NULL,NULL),
	(145,'Chudzik','Daniel','1955-06-21 14:26:00',0,0,1555268811,1555268811,NULL,NULL,NULL,NULL,NULL,NULL,NULL,NULL,NULL,NULL,NULL),
	(146,'Jablonski','Artur','1955-06-21 14:26:00',0,0,1555268811,1555268811,NULL,NULL,NULL,NULL,NULL,NULL,NULL,NULL,NULL,NULL,NULL),
	(147,'Stawicki','Krzystof','1955-06-21 14:26:00',0,0,1555268811,1555268811,NULL,NULL,NULL,NULL,NULL,NULL,NULL,NULL,NULL,NULL,NULL),
	(148,'Dumitrascu','Eugen-Marius','1955-06-21 14:26:00',0,0,1555268811,1555268811,NULL,NULL,NULL,NULL,NULL,NULL,NULL,NULL,NULL,NULL,NULL),
	(149,'Dancescu','Catalin','1955-06-21 14:26:00',0,0,1555268811,1555268811,NULL,NULL,NULL,NULL,NULL,NULL,NULL,NULL,NULL,NULL,NULL),
	(150,'Papuga','Damian','1955-06-21 14:26:00',0,0,1555268811,1555268811,NULL,NULL,NULL,NULL,NULL,NULL,NULL,NULL,NULL,NULL,NULL),
	(151,'Papuga','Adam','1955-06-21 14:26:00',0,0,1555268811,1555268811,NULL,NULL,NULL,NULL,NULL,NULL,NULL,NULL,NULL,NULL,NULL),
	(152,'Doru','Roman','1955-06-21 14:26:00',0,0,1555268811,1555268811,NULL,NULL,NULL,NULL,NULL,NULL,NULL,NULL,NULL,NULL,NULL),
	(153,'Kasalo','Boro','1955-06-21 14:26:00',0,0,1555268811,1555268811,NULL,NULL,NULL,NULL,NULL,NULL,NULL,NULL,NULL,NULL,NULL),
	(154,'Malinowski','Patryk','1955-06-21 14:26:00',0,0,1555268811,1555268811,NULL,NULL,NULL,NULL,NULL,NULL,NULL,NULL,NULL,NULL,NULL),
	(155,'Czyzyk','Dariusz','1955-06-21 14:26:00',0,0,1555268811,1555268811,NULL,NULL,NULL,NULL,NULL,NULL,NULL,NULL,NULL,NULL,NULL),
	(156,'Horvathne','Voradi','1955-06-21 14:26:00',0,0,1555268811,1555268811,NULL,NULL,NULL,NULL,NULL,NULL,NULL,NULL,NULL,NULL,NULL),
	(157,'Ferencne','Sarmany','1955-06-21 14:26:00',0,0,1555268811,1555268811,NULL,NULL,NULL,NULL,NULL,NULL,NULL,NULL,NULL,NULL,NULL),
	(158,'Kapitan','Mihayl','1955-06-21 14:26:00',0,0,1555268811,1555268811,NULL,NULL,NULL,NULL,NULL,NULL,NULL,NULL,NULL,NULL,NULL),
	(159,'Mot','Florin','1955-06-21 14:26:00',0,0,1555268811,1555268811,NULL,NULL,NULL,NULL,NULL,NULL,NULL,NULL,NULL,NULL,NULL),
	(160,'Locic','Viktor','1955-06-21 14:26:00',0,0,1555268811,1555268811,NULL,NULL,NULL,NULL,NULL,NULL,NULL,NULL,NULL,NULL,NULL),
	(161,'Juraszek','Rafal','1955-06-21 14:26:00',0,0,1555268811,1555268811,NULL,NULL,NULL,NULL,NULL,NULL,NULL,NULL,NULL,NULL,NULL),
	(162,'Stanisic','Miroslav','1955-06-21 14:26:00',0,0,1555268811,1555268811,NULL,NULL,NULL,NULL,NULL,NULL,NULL,NULL,NULL,NULL,NULL),
	(163,'Stevic','Igor','1955-06-21 14:26:00',0,0,1555268811,1555268811,NULL,NULL,NULL,NULL,NULL,NULL,NULL,NULL,NULL,NULL,NULL),
	(164,'Obrusnik','Norbetr','1955-06-21 14:26:00',0,0,1555268811,1555268811,NULL,NULL,NULL,NULL,NULL,NULL,NULL,NULL,NULL,NULL,NULL),
	(165,'Sovic','Vjekoslav','1955-06-21 14:26:00',0,0,1555268811,1555268811,NULL,NULL,NULL,NULL,NULL,NULL,NULL,NULL,NULL,NULL,NULL),
	(166,'Mustafi','Vebi','1955-06-21 14:26:00',0,0,1555268811,1555268811,NULL,NULL,NULL,NULL,NULL,NULL,NULL,NULL,NULL,NULL,NULL),
	(167,'Cvitic','Mario','1955-06-21 14:26:00',0,0,1555268811,1555268811,NULL,NULL,NULL,NULL,NULL,NULL,NULL,NULL,NULL,NULL,NULL),
	(168,'Bliznac','Ivo','1955-06-21 14:26:00',0,0,1555268811,1555268811,NULL,NULL,NULL,NULL,NULL,NULL,NULL,NULL,NULL,NULL,NULL),
	(169,'Schedan','Ilie','1955-06-21 14:26:00',0,0,1555268811,1555268811,NULL,NULL,NULL,NULL,NULL,NULL,NULL,NULL,NULL,NULL,NULL),
	(170,'Nita','Marinel','1955-06-21 14:26:00',0,0,1555268811,1555268811,NULL,NULL,NULL,NULL,NULL,NULL,NULL,NULL,NULL,NULL,NULL),
	(171,'Filipovic','Drazen','1955-06-21 14:26:00',0,0,1555268811,1555268811,NULL,NULL,NULL,NULL,NULL,NULL,NULL,NULL,NULL,NULL,NULL),
	(172,'Mihai','Dorin','1955-06-21 14:26:00',0,0,1555268811,1555268811,NULL,NULL,NULL,NULL,NULL,NULL,NULL,NULL,NULL,NULL,NULL),
	(173,'Boncu','Camelia','1955-06-21 14:26:00',0,0,1555268811,1555268811,NULL,NULL,NULL,NULL,NULL,NULL,NULL,NULL,NULL,NULL,NULL),
	(174,'Bondar','Zsolt','1955-06-21 14:26:00',0,0,1555268811,1555268811,NULL,NULL,NULL,NULL,NULL,NULL,NULL,NULL,NULL,NULL,NULL),
	(175,'Sebok','Josef','1955-06-21 14:26:00',0,0,1555268811,1555268811,NULL,NULL,NULL,NULL,NULL,NULL,NULL,NULL,NULL,NULL,NULL),
	(176,'Kasprzyk','Janusz','1955-06-21 14:26:00',0,0,1555268811,1555268811,NULL,NULL,NULL,NULL,NULL,NULL,NULL,NULL,NULL,NULL,NULL),
	(177,'Rebisz','Jaroslaw','1955-06-21 14:26:00',0,0,1555268811,1555268811,NULL,NULL,NULL,NULL,NULL,NULL,NULL,NULL,NULL,NULL,NULL),
	(178,'Filipovic','Katarina','1955-06-21 14:26:00',0,0,1555268811,1555268811,NULL,NULL,NULL,NULL,NULL,NULL,NULL,NULL,NULL,NULL,NULL),
	(179,'Filipovic','Vedaran','1955-06-21 14:26:00',0,0,1555268811,1555268811,NULL,NULL,NULL,NULL,NULL,NULL,NULL,NULL,NULL,NULL,NULL),
	(180,'Wziatek','Robert','1955-06-21 14:26:00',0,0,1555268811,1555268811,NULL,NULL,NULL,NULL,NULL,NULL,NULL,NULL,NULL,NULL,NULL),
	(181,'Wziatek','Bartosz','1955-06-21 14:26:00',0,0,1555268811,1555268811,NULL,NULL,NULL,NULL,NULL,NULL,NULL,NULL,NULL,NULL,NULL),
	(182,'Szczepaniak','Szymon','1955-06-21 14:26:00',0,0,1555268811,1555268811,NULL,NULL,NULL,NULL,NULL,NULL,NULL,NULL,NULL,NULL,NULL),
	(183,'Wojdat','Slawomir','1955-06-21 14:26:00',0,0,1555268811,1555268811,NULL,NULL,NULL,NULL,NULL,NULL,NULL,NULL,NULL,NULL,NULL),
	(184,'Strabac','Radovan','1955-06-21 14:26:00',0,0,1555268811,1555268811,NULL,NULL,NULL,NULL,NULL,NULL,NULL,NULL,NULL,NULL,NULL),
	(185,'Blajut','Nelu','1955-06-21 14:26:00',0,0,1555268811,1555268811,NULL,NULL,NULL,NULL,NULL,NULL,NULL,NULL,NULL,NULL,NULL),
	(186,'Hasinovic','Amer','1955-06-21 14:26:00',0,0,1555268811,1555268811,NULL,NULL,NULL,NULL,NULL,NULL,NULL,NULL,NULL,NULL,NULL),
	(187,'Hasinovic','Amel','1955-06-21 14:26:00',0,0,1555268811,1555268811,NULL,NULL,NULL,NULL,NULL,NULL,NULL,NULL,NULL,NULL,NULL),
	(188,'Veliji','Sinisa','1955-06-21 14:26:00',0,0,1555268811,1555268811,NULL,NULL,NULL,NULL,NULL,NULL,NULL,NULL,NULL,NULL,NULL),
	(189,'Novosel','Goran','1955-06-21 14:26:00',0,0,1555268811,1555268811,NULL,NULL,NULL,NULL,NULL,NULL,NULL,NULL,NULL,NULL,NULL),
	(190,'Mehmet','Ali','1955-06-21 14:26:00',0,0,1555268811,1555268811,NULL,NULL,NULL,NULL,NULL,NULL,NULL,NULL,NULL,NULL,NULL),
	(191,'Hagi','Iancu','1955-06-21 14:26:00',0,0,1555268811,1555268811,NULL,NULL,NULL,NULL,NULL,NULL,NULL,NULL,NULL,NULL,NULL),
	(192,'Popa','Lucian','1955-06-21 14:26:00',0,0,1555268811,1555268811,NULL,NULL,NULL,NULL,NULL,NULL,NULL,NULL,NULL,NULL,NULL),
	(193,'Kachel','Dorota','1955-06-21 14:26:00',0,0,1555268811,1555268811,NULL,NULL,NULL,NULL,NULL,NULL,NULL,NULL,NULL,NULL,NULL),
	(194,'Kovac','Zorica','1955-06-21 14:26:00',0,0,1555268811,1555268811,NULL,NULL,NULL,NULL,NULL,NULL,NULL,NULL,NULL,NULL,NULL),
	(195,'Knietsch','Rajmund','1955-06-21 14:26:00',0,0,1555268811,1555268811,NULL,NULL,NULL,NULL,NULL,NULL,NULL,NULL,NULL,NULL,NULL),
	(196,'Szczucki','Piotr','1955-06-21 14:26:00',0,0,1555268811,1555268811,NULL,NULL,NULL,NULL,NULL,NULL,NULL,NULL,NULL,NULL,NULL),
	(197,'Okaz','Daniel','1955-06-21 14:26:00',0,0,1555268811,1555268811,NULL,NULL,NULL,NULL,NULL,NULL,NULL,NULL,NULL,NULL,NULL),
	(198,'Macura','Aleksandar','1955-06-21 14:26:00',0,0,1555268811,1555268811,NULL,NULL,NULL,NULL,NULL,NULL,NULL,NULL,NULL,NULL,NULL),
	(199,'Macura','Marko','1955-06-21 14:26:00',0,0,1555268811,1555268811,NULL,NULL,NULL,NULL,NULL,NULL,NULL,NULL,NULL,NULL,NULL),
	(200,'Iwaniak','Grzegorz','1955-06-21 14:26:00',0,0,1555268811,1555268811,NULL,NULL,NULL,NULL,NULL,NULL,NULL,NULL,NULL,NULL,NULL),
	(201,'Iwaniak','Damian','1955-06-21 14:26:00',0,0,1555268811,1555268811,NULL,NULL,NULL,NULL,NULL,NULL,NULL,NULL,NULL,NULL,NULL),
	(202,'Stanimirova','Krasimira','1955-06-21 14:26:00',0,0,1555268811,1555268811,NULL,NULL,NULL,NULL,NULL,NULL,NULL,NULL,NULL,NULL,NULL),
	(203,'Lazarov','Lyubomir','1955-06-21 14:26:00',0,0,1555268811,1555268811,NULL,NULL,NULL,NULL,NULL,NULL,NULL,NULL,NULL,NULL,NULL),
	(204,'Tancasz','Laszlone','1955-06-21 14:26:00',0,0,1555268811,1555268811,NULL,NULL,NULL,NULL,NULL,NULL,NULL,NULL,NULL,NULL,NULL),
	(205,'Kmetyko','Tibor','1955-06-21 14:26:00',0,0,1555268811,1555268811,NULL,NULL,NULL,NULL,NULL,NULL,NULL,NULL,NULL,NULL,NULL),
	(206,'Bubiec','Piotr','1955-06-21 14:26:00',0,0,1555268811,1555268811,NULL,NULL,NULL,NULL,NULL,NULL,NULL,NULL,NULL,NULL,NULL),
	(207,'Marciszewski','Leszek','1955-06-21 14:26:00',0,0,1555268811,1555268811,NULL,NULL,NULL,NULL,NULL,NULL,NULL,NULL,NULL,NULL,NULL),
	(208,'Vasileva','Mariana','1955-06-21 14:26:00',0,0,1555268811,1555268811,NULL,NULL,NULL,NULL,NULL,NULL,NULL,NULL,NULL,NULL,NULL),
	(209,'Ungureanu','Nicoleta','1955-06-21 14:26:00',0,0,1555268811,1555268811,NULL,NULL,NULL,NULL,NULL,NULL,NULL,NULL,NULL,NULL,NULL),
	(210,'Daranovic','Dalibor','1955-06-21 14:26:00',0,0,1555268811,1555268811,NULL,NULL,NULL,NULL,NULL,NULL,NULL,NULL,NULL,NULL,NULL),
	(211,'Mukic','Zeljko','1955-06-21 14:26:00',0,0,1555268811,1555268811,NULL,NULL,NULL,NULL,NULL,NULL,NULL,NULL,NULL,NULL,NULL),
	(212,'Szaforz','Robert','1955-06-21 14:26:00',0,0,1555268811,1555268811,NULL,NULL,NULL,NULL,NULL,NULL,NULL,NULL,NULL,NULL,NULL),
	(213,'Demarczyk','Damian','1955-06-21 14:26:00',0,0,1555268811,1555268811,NULL,NULL,NULL,NULL,NULL,NULL,NULL,NULL,NULL,NULL,NULL),
	(214,'Staszak','Konrad','1955-06-21 14:26:00',0,0,1555268811,1555268811,NULL,NULL,NULL,NULL,NULL,NULL,NULL,NULL,NULL,NULL,NULL),
	(215,'Sajak','Jerzy','1955-06-21 14:26:00',0,0,1555268811,1555268811,NULL,NULL,NULL,NULL,NULL,NULL,NULL,NULL,NULL,NULL,NULL),
	(216,'Mijic','Danijel','1955-06-21 14:26:00',0,0,1555268811,1555268811,NULL,NULL,NULL,NULL,NULL,NULL,NULL,NULL,NULL,NULL,NULL),
	(217,'Orsolic','Marko','1955-06-21 14:26:00',0,0,1555268811,1555268811,NULL,NULL,NULL,NULL,NULL,NULL,NULL,NULL,NULL,NULL,NULL),
	(218,'Orsolic','Matej','1955-06-21 14:26:00',0,0,1555268811,1555268811,NULL,NULL,NULL,NULL,NULL,NULL,NULL,NULL,NULL,NULL,NULL),
	(219,'Bratanic','Ivica','1955-06-21 14:26:00',0,0,1555268811,1555268811,NULL,NULL,NULL,NULL,NULL,NULL,NULL,NULL,NULL,NULL,NULL),
	(220,'Bamburac','Davor','1955-06-21 14:26:00',0,0,1555268811,1555268811,NULL,NULL,NULL,NULL,NULL,NULL,NULL,NULL,NULL,NULL,NULL),
	(221,'Fa. Aviation Ontime','kein Name','1955-06-21 14:26:00',0,0,1555268811,1555268811,NULL,NULL,NULL,NULL,NULL,NULL,NULL,NULL,NULL,NULL,NULL),
	(222,'Rebaz','Osman','1955-06-21 14:26:00',0,0,1555268811,1555268811,NULL,NULL,NULL,NULL,NULL,NULL,NULL,NULL,NULL,NULL,NULL),
	(223,'Krzyzaniak','Maciej','1955-06-21 14:26:00',0,0,1555268811,1555268811,NULL,NULL,NULL,NULL,NULL,NULL,NULL,NULL,NULL,NULL,NULL),
	(224,'Szlufik','Pawel','1955-06-21 14:26:00',0,0,1555268811,1555268811,NULL,NULL,NULL,NULL,NULL,NULL,NULL,NULL,NULL,NULL,NULL),
	(225,'Bromborszcz','Rafal','1955-06-21 14:26:00',0,0,1555268811,1555268811,NULL,NULL,NULL,NULL,NULL,NULL,NULL,NULL,NULL,NULL,NULL),
	(226,'Lezna','Magdalena','1955-06-21 14:26:00',0,0,1555268811,1555268811,NULL,NULL,NULL,NULL,NULL,NULL,NULL,NULL,NULL,NULL,NULL),
	(227,'Jusic','Sanel','1955-06-21 14:26:00',0,0,1555268811,1555268811,NULL,NULL,NULL,NULL,NULL,NULL,NULL,NULL,NULL,NULL,NULL),
	(228,'Bozic','Snjezana','1955-06-21 14:26:00',0,0,1555268811,1555268811,NULL,NULL,NULL,NULL,NULL,NULL,NULL,NULL,NULL,NULL,NULL),
	(229,'Blasczyk','Adrian','1955-06-21 14:26:00',0,0,1555268811,1555268811,NULL,NULL,NULL,NULL,NULL,NULL,NULL,NULL,NULL,NULL,NULL),
	(230,'Arsenijevic','Dragan','1955-06-21 14:26:00',0,0,1555268811,1555268811,NULL,NULL,NULL,NULL,NULL,NULL,NULL,NULL,NULL,NULL,NULL),
	(231,'Novak','Milan','1955-06-21 14:26:00',0,0,1555268811,1555268811,NULL,NULL,NULL,NULL,NULL,NULL,NULL,NULL,NULL,NULL,NULL),
	(232,'Gancarczyk','Bartosz','1955-06-21 14:26:00',0,0,1555268811,1555268811,NULL,NULL,NULL,NULL,NULL,NULL,NULL,NULL,NULL,NULL,NULL),
	(233,'Belkius','Rafal','1955-06-21 14:26:00',0,0,1555268811,1555268811,NULL,NULL,NULL,NULL,NULL,NULL,NULL,NULL,NULL,NULL,NULL),
	(234,'Nanai','Zsoltan','1955-06-21 14:26:00',0,0,1555268811,1555268811,NULL,NULL,NULL,NULL,NULL,NULL,NULL,NULL,NULL,NULL,NULL),
	(235,'Farkas','Fruszina','1955-06-21 14:26:00',0,0,1555268811,1555268811,NULL,NULL,NULL,NULL,NULL,NULL,NULL,NULL,NULL,NULL,NULL),
	(236,'Mitarbeiter Bloch','Katarzyna','1955-06-21 14:26:00',0,0,1555268811,1555268811,NULL,NULL,NULL,NULL,NULL,NULL,NULL,NULL,NULL,NULL,NULL),
	(237,'Bloch','Kamil','1955-06-21 14:26:00',0,0,1555268811,1555268811,NULL,NULL,NULL,NULL,NULL,NULL,NULL,NULL,NULL,NULL,NULL),
	(238,'Zwolinski','Krzystof','1955-06-21 14:26:00',0,0,1555268811,1555268811,NULL,NULL,NULL,NULL,NULL,NULL,NULL,NULL,NULL,NULL,NULL),
	(239,'Zwolinska','Maria','1955-06-21 14:26:00',0,0,1555268811,1555268811,NULL,NULL,NULL,NULL,NULL,NULL,NULL,NULL,NULL,NULL,NULL),
	(240,'Litwiniuk','Vladimir','1955-06-21 14:26:00',0,0,1555268811,1555268811,NULL,NULL,NULL,NULL,NULL,NULL,NULL,NULL,NULL,NULL,NULL),
	(241,'Litwiniuk','Zsanna','1955-06-21 14:26:00',0,0,1555268811,1555268811,NULL,NULL,NULL,NULL,NULL,NULL,NULL,NULL,NULL,NULL,NULL),
	(242,'Kunovic','Damir','1955-06-21 14:26:00',0,0,1555268811,1555268811,NULL,NULL,NULL,NULL,NULL,NULL,NULL,NULL,NULL,NULL,NULL),
	(243,'Mitarbeiter Nazimek','Agnieszka','1955-06-21 14:26:00',0,0,1555268811,1555268811,NULL,NULL,NULL,NULL,NULL,NULL,NULL,NULL,NULL,NULL,NULL),
	(244,'Poljakovic','Zlatan','1955-06-21 14:26:00',0,0,1555268811,1555268811,NULL,NULL,NULL,NULL,NULL,NULL,NULL,NULL,NULL,NULL,NULL),
	(245,'Davidovic','Kata','1955-06-21 14:26:00',0,0,1555268811,1555268811,NULL,NULL,NULL,NULL,NULL,NULL,NULL,NULL,NULL,NULL,NULL),
	(246,'Ferenc','Sabo','1955-06-21 14:26:00',0,0,1555268811,1555268811,NULL,NULL,NULL,NULL,NULL,NULL,NULL,NULL,NULL,NULL,NULL),
	(247,'Piotrowska','Marta','1955-06-21 14:26:00',0,0,1555268811,1555268811,NULL,NULL,NULL,NULL,NULL,NULL,NULL,NULL,NULL,NULL,NULL),
	(248,'Dobreva','Stela','1955-06-21 14:26:00',0,0,1555268811,1555268811,NULL,NULL,NULL,NULL,NULL,NULL,NULL,NULL,NULL,NULL,NULL),
	(249,'Sidor','Alexandru','1955-06-21 14:26:00',0,0,1555268811,1555268811,NULL,NULL,NULL,NULL,NULL,NULL,NULL,NULL,NULL,NULL,NULL),
	(250,'Kolodziej','kein Name','1955-06-21 14:26:00',0,0,1555268811,1555268811,NULL,NULL,NULL,NULL,NULL,NULL,NULL,NULL,NULL,NULL,NULL),
	(251,'Filipovic','Miodrag','1955-06-21 14:26:00',0,0,1555268811,1555268811,NULL,NULL,NULL,NULL,NULL,NULL,NULL,NULL,NULL,NULL,NULL),
	(252,'Milenovic','Nenad','1955-06-21 14:26:00',0,0,1555268811,1555268811,NULL,NULL,NULL,NULL,NULL,NULL,NULL,NULL,NULL,NULL,NULL),
	(253,'Mitarbeiter Pielawa','Alicja','1955-06-21 14:26:00',0,0,1555268811,1555268811,NULL,NULL,NULL,NULL,NULL,NULL,NULL,NULL,NULL,NULL,NULL),
	(254,'Preisach','Josef','1955-06-21 14:26:00',0,0,1555268811,1555268811,NULL,NULL,NULL,NULL,NULL,NULL,NULL,NULL,NULL,NULL,NULL),
	(255,'Hadzic','Mehmed','1955-06-21 14:26:00',0,0,1555268811,1555268811,NULL,NULL,NULL,NULL,NULL,NULL,NULL,NULL,NULL,NULL,NULL),
	(256,'Hadzic','Rasima','1955-06-21 14:26:00',0,0,1555268811,1555268811,NULL,NULL,NULL,NULL,NULL,NULL,NULL,NULL,NULL,NULL,NULL),
	(257,'Dombravy','Imbre','1955-06-21 14:26:00',0,0,1555268811,1555268811,NULL,NULL,NULL,NULL,NULL,NULL,NULL,NULL,NULL,NULL,NULL),
	(258,'Pascu','Ion','1955-06-21 14:26:00',0,0,1555268811,1555268811,NULL,NULL,NULL,NULL,NULL,NULL,NULL,NULL,NULL,NULL,NULL),
	(259,'Delic','Adnan','1955-06-21 14:26:00',0,0,1555268811,1555268811,NULL,NULL,NULL,NULL,NULL,NULL,NULL,NULL,NULL,NULL,NULL),
	(260,'Brletic','Ana','1955-06-21 14:26:00',0,0,1555268811,1555268811,NULL,NULL,NULL,NULL,NULL,NULL,NULL,NULL,NULL,NULL,NULL),
	(261,'Condri','Gordana','1955-06-21 14:26:00',0,0,1555268811,1555268811,NULL,NULL,NULL,NULL,NULL,NULL,NULL,NULL,NULL,NULL,NULL),
	(262,'Abramovic','Goran','1955-06-21 14:26:00',0,0,1555268811,1555268811,NULL,NULL,NULL,NULL,NULL,NULL,NULL,NULL,NULL,NULL,NULL),
	(263,'Ostoja','Marek','1955-06-21 14:26:00',0,0,1555268811,1555268811,NULL,NULL,NULL,NULL,NULL,NULL,NULL,NULL,NULL,NULL,NULL),
	(264,'Ostafin','Kamil','1955-06-21 14:26:00',0,0,1555268811,1555268811,NULL,NULL,NULL,NULL,NULL,NULL,NULL,NULL,NULL,NULL,NULL),
	(265,'Baltzis','Anastasios','1955-06-21 14:26:00',0,0,1555268811,1555268811,NULL,NULL,NULL,NULL,NULL,NULL,NULL,NULL,NULL,NULL,NULL),
	(266,'Tester','Testomat','1955-06-21 14:26:00',0,0,1558630679,1558633238,NULL,NULL,NULL,NULL,NULL,NULL,NULL,NULL,NULL,NULL,NULL),
	(267,'einer','hier','1986-05-07 13:00:55',0,0,1558782066,1558782066,NULL,NULL,NULL,NULL,NULL,NULL,NULL,NULL,NULL,NULL,NULL),
	(268,'Köhl','Dennis','2019-09-24 21:00:33',0,0,1568310051,1568310051,NULL,NULL,NULL,NULL,NULL,NULL,NULL,NULL,NULL,NULL,NULL),
	(269,'aaaa1','bbbb1','2019-01-30 00:10:00',0,0,1572020081,1572020081,NULL,NULL,NULL,NULL,NULL,NULL,NULL,NULL,NULL,NULL,NULL),
	(270,'aaaaa1','bbbb1','2021-01-31 00:03:00',0,0,1572020112,1572020112,NULL,NULL,NULL,NULL,NULL,NULL,NULL,NULL,NULL,NULL,NULL),
	(271,'bbbb2','aaaa2','2019-01-26 00:10:00',0,0,1572020239,1572020239,NULL,NULL,NULL,NULL,NULL,NULL,NULL,NULL,NULL,NULL,NULL),
	(272,'Ellison','Amaya','2018-12-30 00:00:00',0,0,1572440877,1572440877,NULL,'EE','+1 (437) 163-5216','kifuv@mailinator.net','In qui velit unde itaque lorem hic minus nulla reprehenderit rem quam eiusmod consequatur Et tempore deleniti fugiat omnis',0,NULL,NULL,NULL,NULL,NULL),
	(273,'Gardner','Gage','2019-10-30 00:00:00',0,0,1572441138,1572441138,NULL,'KZ','+1 (121) 468-4271','goku@mailinator.net','Rerum eu eaque necessitatibus non rerum sit a nostrum soluta',3,NULL,NULL,NULL,NULL,NULL),
	(274,'Crosby','Emi','2019-10-30 00:00:00',0,0,1572441398,1572441398,NULL,'WF','+1 (138) 609-6686','vanyv@mailinator.com','Vitae commodo qui et obcaecati qui quia sunt quidem accusamus dolor harum assumenda aliquid elit',3,NULL,NULL,NULL,NULL,NULL),
	(275,'Bishop','Laura','2019-10-30 00:00:00',0,0,1572441561,1572441561,NULL,'CX','+1 (275) 705-9908','defunapy@mailinator.com','Enim autem est quisquam adipisci molestias',2,NULL,NULL,NULL,NULL,NULL),
	(276,'Bishop','Laura','2019-10-30 00:00:00',0,0,1572441595,1572441595,NULL,'CX','+1 (275) 705-9908','defunapy@mailinator.com','Enim autem est quisquam adipisci molestias',2,NULL,NULL,NULL,NULL,NULL),
	(277,'Bishop','Laura','2019-10-30 00:00:00',0,0,1572441661,1572441661,NULL,'CX','+1 (275) 705-9908','defunapy@mailinator.com','Enim autem est quisquam adipisci molestias',2,NULL,NULL,NULL,NULL,NULL),
	(278,'Bennett','Sloane','2019-10-30 00:00:00',0,0,1572441680,1572441680,NULL,'FO','+1 (567) 773-6065','megabohy@mailinator.net','Placeat error est amet at',3,NULL,NULL,NULL,NULL,NULL),
	(279,'Cortez','Roanna','2019-10-30 00:00:00',0,0,1572441789,1572441789,NULL,'MZ','+1 (114) 112-8656','cyvipex@mailinator.net','Veritatis et dolores minus id doloribus voluptas est ex eaque nostrud rerum sequi officia ut officia quibusdam nobis',1,NULL,NULL,NULL,NULL,NULL),
	(280,'Shannon','Cairo','2023-12-28 00:00:00',0,0,1572441808,1572441808,NULL,'LV','+1 (805) 498-2826','xenyzyh@mailinator.net','Reprehenderit explicabo Reprehenderit fugiat ipsum veniam ea et dolor necessitatibus corporis incidunt at vitae aliquip',2,NULL,NULL,NULL,NULL,NULL),
	(281,'Byrd','Kylie','2019-10-30 00:00:00',0,0,1572441854,1572441854,NULL,'VA','+1 (243) 982-8379','hafyhorali@mailinator.net','Qui et odio dolore officia fuga Quas culpa ducimus',2,NULL,NULL,NULL,NULL,NULL),
	(282,'Butler','Gregory','2019-10-30 00:00:00',0,0,1572442249,1572442249,NULL,'NU','+1 (512) 757-5921','feryne@mailinator.com','Quam eaque voluptas nostrud adipisicing et in autem quasi in',2,NULL,NULL,NULL,NULL,NULL),
	(283,'Stokes','Frances','2019-10-30 00:00:00',0,0,1572442264,1572442264,NULL,'KH','+1 (523) 122-6843','felugy@mailinator.net','In aspernatur velit doloremque accusamus ex incidunt eius beatae excepteur blanditiis eos est voluptate in non quasi sit',2,NULL,NULL,NULL,NULL,NULL),
	(284,'Rodriguez','Liberty','2019-01-30 00:00:00',0,0,1572462264,1573061005,NULL,'SC','+1 (888) 736-4729','juvujepago@mailinator.net','Id quod nihil velit assumenda atque laudantium non ut qui et fuga Animi qui',1,NULL,NULL,'333',NULL,NULL),
	(285,'Bishop','Eric','2019-10-30 00:00:00',0,0,1572462396,1572462396,NULL,'GA','+1 (878) 851-3013','sucowew@mailinator.net','Ut eos eu doloribus officia et nemo vel in consectetur voluptatibus dolore incididunt quo nemo vero',2,NULL,NULL,NULL,NULL,NULL),
	(286,'Brooks','Kameko','2019-10-30 00:00:00',0,0,1572462464,1572462464,NULL,'LU','+1 (108) 675-5948','gaxotub@mailinator.com','Mollitia fuga Doloremque minima anim id iste do',1,NULL,NULL,NULL,NULL,NULL),
	(287,'Rowland','Keaton','2020-09-29 00:00:00',0,0,1572462621,1572462621,NULL,'BJ','+1 (579) 148-3783','vekysozy@mailinator.net','Quo eos exercitation officia Nam ut molestias odio corporis maiores deserunt',1,NULL,NULL,NULL,NULL,NULL),
	(288,'Mueller','Leroy','2019-10-30 00:00:00',0,0,1572462961,1572462961,NULL,'KZ','+1 (994) 139-8842','fugizikaj@mailinator.com','Praesentium error et voluptates commodo corporis do est odio quis ut numquam',1,NULL,NULL,NULL,NULL,NULL),
	(289,'Stokes','Kato','2019-10-03 00:00:00',0,0,1572794301,1572794301,NULL,'NO','+1 (536) 871-4674','sagojuw@mailinator.net','Eos quidem quas veniam eligendi veritatis id atque enim a sint architecto nostrud voluptatem Aliquam sed dolor vero minus',1,NULL,NULL,NULL,NULL,NULL),
	(290,'Cervantes','Caryn','2019-11-03 00:00:00',0,0,1572794439,1572794439,NULL,'RO','+1 (832) 643-9042','xogi@mailinator.com','Voluptas id fugit ullamco reprehenderit in enim voluptas',1,NULL,NULL,NULL,NULL,NULL),
	(291,'Trujillo4','Sasha4','2019-01-03 00:00:00',0,0,1572795026,1573059980,NULL,'BI','+1 (969) 425-3272','zonose@mailinator.net','Nesciunt molestias quas necessitatibus facilis assumenda do vero obcaecati magni natus sit autem aliquip',1,NULL,NULL,'yyy',NULL,NULL),
	(292,'Boyer','Martina','2019-11-04 00:00:00',0,0,1572862789,1572862789,NULL,'MV','+1 (448) 125-1951','zizuzihel@mailinator.com','In quia rerum quia similique in deserunt ipsa veniam tempor',1,NULL,NULL,NULL,NULL,NULL),
	(293,'Knowles','Jonah','2019-11-04 00:00:00',0,0,1572863204,1572863204,NULL,'VA','+1 (926) 881-8874','fanov@mailinator.net','Tempore aut aut nobis dignissimos aute nihil sit',1,NULL,NULL,NULL,NULL,NULL),
	(294,'Elliott','Regan','2019-11-04 00:00:00',0,0,1572870302,1572870302,NULL,'YT','+1 (129) 973-7751','gufegi@mailinator.net','',1,NULL,NULL,NULL,NULL,NULL),
	(295,'Suarez','Kasimir','2019-01-04 00:00:00',0,0,1572880643,1573061064,NULL,'Voluptatibus atque voluptate earum adipisci eu magna ut sed sed aspernatur maiores sed','+1 (819) 651-6176','zygativo@mailinator.net','Obcaecati animi voluptate provident dolore ipsa iste nulla doloremque dolore deserunt est animi quo nulla officia sit dolorum quibusdam',1,NULL,NULL,'adsfasd',NULL,NULL),
	(296,'Cooper','Allegra','2019-11-04 00:00:00',0,0,1572881038,1572881038,NULL,'Sunt id veniam nesciunt laboris fugiat voluptatum est similique qui illo','+1 (462) 695-1905','zyjijykata@mailinator.net','Est magni sit qui quas debitis temporibus explicabo In',1,NULL,NULL,NULL,NULL,NULL),
	(297,'Charles','Cherokee','2019-11-04 00:00:00',0,0,1572881179,1572881179,NULL,'Mollit ex ipsum sint est dolores sint aut culpa sit dolore dolor pariatur','+1 (894) 662-5173','fureg@mailinator.com','Illo sequi repudiandae velit voluptates dolore non velit dolore molestias est dolor officiis aut non modi ullam eiusmod quasi',2,NULL,NULL,NULL,NULL,NULL),
	(298,'Charles','Cherokee','2019-11-04 00:00:00',0,0,1572881260,1572881260,NULL,'Mollit ex ipsum sint est dolores sint aut culpa sit dolore dolor pariatur','+1 (894) 662-5173','fureg@mailinator.com','Illo sequi repudiandae velit voluptates dolore non velit dolore molestias est dolor officiis aut non modi ullam eiusmod quasi',2,NULL,NULL,NULL,NULL,NULL),
	(299,'Charles','Cherokee','2019-11-04 00:00:00',0,0,1572881310,1572881310,NULL,'Mollit ex ipsum sint est dolores sint aut culpa sit dolore dolor pariatur','+1 (894) 662-5173','fureg@mailinator.com','Illo sequi repudiandae velit voluptates dolore non velit dolore molestias est dolor officiis aut non modi ullam eiusmod quasi',2,NULL,NULL,NULL,NULL,NULL),
	(300,'Gibbs','Jason','2019-11-04 00:00:00',0,0,1572881325,1572881325,NULL,'Qui eveniet nulla ea voluptatem eum sunt sed aliquip esse vel quis aliquid fugiat doloremque','+1 (309) 678-2166','piredily@mailinator.com','Maiores eos illo qui temporibus irure dolorum eum sed sed',2,NULL,NULL,NULL,NULL,NULL),
	(301,'Stafford','Stephen','2019-11-04 00:00:00',0,0,1572881392,1572881392,NULL,'Est quia voluptatum recusandae Fugiat architecto dolor quidem rem voluptatem Consequatur qui sapiente esse necessitatibus','+1 (224) 745-1759','byqiw@mailinator.com','Aut est ipsum dolore quia',1,NULL,NULL,NULL,NULL,NULL),
	(302,'Stafford','Stephen','2019-11-04 00:00:00',0,0,1572881413,1572881413,NULL,'Est quia voluptatum recusandae Fugiat architecto dolor quidem rem voluptatem Consequatur qui sapiente esse necessitatibus','+1 (224) 745-1759','byqiw@mailinator.com','Aut est ipsum dolore quia',1,NULL,NULL,NULL,NULL,NULL),
	(303,'Gross','Scarlet','2019-11-04 00:00:00',0,0,1572881559,1572881559,NULL,'Iure ex exercitationem eiusmod voluptates deleniti aperiam praesentium autem qui','+1 (944) 683-5104','fityluqyg@mailinator.com','Accusamus et occaecat velit beatae recusandae Qui reprehenderit expedita pariatur Dolor quia rem architecto non',2,NULL,NULL,NULL,NULL,NULL),
	(304,'Gross','Scarlet','2019-11-04 00:00:00',0,0,1572881572,1572881572,NULL,'Iure ex exercitationem eiusmod voluptates deleniti aperiam praesentium autem qui','+1 (944) 683-5104','fityluqyg@mailinator.com','Accusamus et occaecat velit beatae recusandae Qui reprehenderit expedita pariatur Dolor quia rem architecto non',2,NULL,NULL,NULL,NULL,NULL),
	(305,'Dean','Neil','2019-11-04 00:00:00',0,0,1572881659,1572881659,NULL,'Et ','+1 (547) 335-5757','wepavuqu@mailinator.net','Mollit perferendis velit magni in',1,NULL,NULL,NULL,NULL,NULL),
	(306,'Mason','Uma','2019-11-04 00:00:00',0,0,1572881877,1572881877,'Voluptas esse exercitationem dolore sunt officia iusto nihil error tenetur id ut quia ut consequatur aliquid ducimus aliquid reprehenderit molestiae','Quo eum officia nostrud eum hic doloribus est','+1 (424) 214-9897','hamelygux@mailinator.net','Cupidatat et ut necessitatibus hic vel laboriosam eveniet',1,NULL,'Cook Lynn Plc','Saepe molestiae libe','989','Veritatis porro Nam consequatur Incididunt delectus enim adipisicing maiores amet debitis aut atque quis exercitation'),
	(307,'Caldwell','Boris','2019-11-04 00:00:00',0,0,1572887721,1572887721,'Adipisci qui quia error dolorem adipisicing magni','Aspernatur rerum tempora dolor eos','+1 (424) 875-1511','qanyxuquc@mailinator.net','Ea reiciendis recusandae Impedit asperiores ut voluptatibus sapiente aliqua Cillum nostrum sit consequatur aspernatur in',2,NULL,'Garrett Phelps Plc','Excepturi voluptatem','232','Ipsa soluta facere sed tenetur velit voluptas velit rem'),
	(308,'Cardenas','Harrison','2019-11-04 00:00:00',0,0,1572889186,1572889186,'Natus reprehenderit ut obcaecati amet et iste mollitia voluptates dolor quaerat sint sunt duis','Exercitation mollitia non ipsam dolorum ex architecto accusamus corrupti reiciendis minus nesciunt eligendi sunt nihil dignissimos','+1 (108) 557-5717','vuwij@mailinator.net','Et sint hic voluptatem ad a dolor',1,NULL,'','Sed sit adipisci do','',''),
	(309,'Rodriguez2','Liberty2','2019-01-30 00:00:00',NULL,NULL,NULL,NULL,NULL,'SC','+1 (888) 736-4729','juvujepago@mailinator.net','Id quod nihil velit assumenda atque laudantium non ut qui et fuga Animi qui',1,NULL,NULL,'hier kommt noch die adresse',NULL,NULL),
	(310,'Rodriguez22','Liberty22','2019-01-30 00:00:00',NULL,NULL,NULL,NULL,NULL,'SC','+1 (888) 736-4729','juvujepago@mailinator.net','Id quod nihil velit assumenda atque laudantium non ut qui et fuga Animi qui',1,NULL,NULL,'asdf',NULL,NULL),
	(311,'Slater','Nigel','2019-01-06 00:11:00',NULL,NULL,NULL,NULL,'Nulla est eligendi nobis mollitia sapiente molestias officiis laudantium ut','Est dolor ex cillum reiciendis Nam hic in quidem molestiae neque neque accusamus','+1 (904) 713-8503','lutovyguji@mailinator.com','Id est soluta adipisci architecto nostrum non ratione et ipsa perspiciatis quaerat',1,NULL,NULL,'Totam consequatur n',NULL,NULL),
	(312,'Townsend3','Cameron3','2019-01-06 00:11:00',NULL,NULL,NULL,1573060280,'Nulla temporibus ipsa magna consequatur Accusamus veniam mollitia sed quibusdam pariatur Eos eius','Nobis repudiandae deserunt architecto sed consequuntur id','+1 (598) 805-8514','lahiqi@mailinator.net','Dolor eligendi minima fuga Ut in tempora nobis',1,NULL,NULL,'Nihil officiis digni',NULL,NULL),
	(313,'Tester','Testomat','1951-01-19 00:12:00',0,0,1573148526,1573148526,'Musterhausen','Deutschland','123456789','rootdeluxe@yahoo.de',NULL,1,NULL,NULL,'Musterstraße 1\r\nMusterstraße 2',NULL,NULL),
	(314,'Mueller2','Lars2','2023-01-07 00:10:00',0,0,1573149176,1573149202,'Laborum excepturi sunt facilis Nam voluptas a iste','Ipsam sunt consequatur natus deleniti','+1 (533) 373-8054','ceqomomoxu@mailinator.net','Ea in consequatur adipisci perspiciatis nostrud labore enim expedita occaecat ullam',1,NULL,NULL,'Fugiat eius eum sit',NULL,NULL),
	(315,'Fernandez','Kiara','2019-11-07 00:00:00',0,0,1573150747,1573150747,'Consequuntur suscipit accusantium molestiae porro ut odio quod minim id elit velit odio unde','Neque voluptatem Sit est duis officia harum id consequatur','+1 (553) 256-1442','xirume@mailinator.net','Voluptates deserunt optio qui recusandae Omnis cupiditate deserunt ad dolorum magni dolores obcaecati perspiciatis possimus nostrud quae',1,NULL,'','Aute pariatur Qui u','',''),
	(316,'Cooke','Flynn','2019-11-07 00:00:00',0,0,1573154890,1573154890,'Temporibus minim ullamco aliquam et incidunt nisi ad distinctio Consequuntur cum ipsa iusto incidunt aliquip commodo','Soluta sunt quas cupidatat expedita tempor eos quis in incididunt','+1 (724) 583-1587','gewy@mailinator.com','Sint quod excepturi dolor do dolores doloribus sapiente anim recusandae Alias elit quis veniam',1,NULL,'','Quo elit odit ut ul','',''),
	(317,'Gibson','Branden','2019-01-07 00:00:00',0,0,1573161356,1573161356,'Consequuntur omnis in dignissimos deserunt sit praesentium hic qui totam excepteur mollitia sint magna excepturi et velit reprehenderit non','Deserunt vero in eius sunt excepturi aperiam illo sed quod commodo illo minim amet qui id magnam a','+1 (215) 657-7113','xaqamyqeq@mailinator.com','Aliquam quia et aut quo',2,NULL,'asdfasd','Fugiat adipisci assu','asdfasdf','asdfasd'),
	(318,'Nolan','Paloma','2019-11-07 00:00:00',0,0,1573161587,1573161587,'Quia amet aut possimus aut culpa id','Consectetur aliquid non deserunt tempore perferendis minus et quos porro eum cum omnis et provident id perspiciatis maxime consequatur aut','+1 (496) 663-5335','laqon@mailinator.com','Quo illum placeat autem qui est velit ipsum obcaecati',2,NULL,'Dalton Ochoa Associates','Labore eligendi nihi','133','Sed ipsa sed beatae est odio cillum consequatur aut aut numquam in aut'),
	(319,'Zamora','Kellie','2019-11-07 00:00:00',0,0,1573161663,1573161663,'Voluptates non non dolor cumque modi voluptatem omnis quia ex sit fugiat omnis et blanditiis mollitia quis','Quis quibusdam esse vitae cum','+1 (486) 783-4592','byzopyzybe@mailinator.net','Facere optio obcaecati vel officia do accusantium alias eos qui sed',1,NULL,'','Cupidatat officia be','',''),
	(320,'Carson','Tamara','2019-11-07 00:00:00',0,0,1573162543,1573162543,'Ab est voluptate animi irure laboriosam reiciendis do ex provident dolor labore ducimus adipisicing rerum et illum saepe','Lorem lorem sed itaque fugiat velit voluptatem Dolor fugit accusamus maxime culpa blanditiis laboris','+1 (742) 548-1635','guwy@mailinator.com','Facilis cillum laudantium mollit rerum omnis deleniti atque consequatur Dolor beatae minima repellendus Exercitation illo consectetur iure nisi iusto',1,NULL,'','Illum est et nisi ','',''),
	(321,'Underwood','Linda','2019-11-07 00:00:00',0,0,1573162702,1573162702,'Necessitatibus ea ducimus veniam Nam aliquam','Sit voluptatibus fugiat modi et nulla quia doloremque possimus iure voluptas voluptatem ipsa quis ut enim nobis quas blanditiis','+1 (449) 297-5733','kiqyganan@mailinator.net','Deserunt non corporis nisi qui reprehenderit molestias enim aut voluptatibus consectetur sed id totam debitis est suscipit aut',2,NULL,'Lowe and Bird Traders','Consequatur nulla i','425','Voluptatem quidem a minima eligendi voluptates et doloribus velit delectus ut et laudantium quisquam ratione quos similique'),
	(322,'Chan','Zenaida','2019-11-12 00:00:00',0,0,1573575764,1573575764,'Quis esse et amet cillum cillum sequi quos ut qui quia sequi harum quis accusantium quod ex praesentium inventore','Mollitia nulla voluptatibus dolorem in laborum exercitationem magna quia dolorem ipsa consectetur sint vitae ipsam','+1 (756) 697-5061','tonary@mailinator.net','Dolore reiciendis ad assumenda sit dolor dolore in voluptatem Amet in dolore harum dolor et rem ullam velit debitis minima',1,NULL,'','Sed velit expedita q','',''),
	(323,'Slater','Ori','2019-11-13 00:00:00',0,0,1573665495,1573665495,'Qui numquam accusantium exercitation odit officia','Voluptate proident quam dolor veritatis sit ipsa consequat Nostrum minima voluptate in exercitation minus quibusdam et laborum','+1 (759) 642-9231','nikoh@mailinator.com','Qui veniam commodo modi neque et doloribus Nam aliquam suscipit facilis est dolores alias',2,NULL,'Hinton Gonzalez Associates','Omnis deserunt dolor','722','Maiores qui quaerat quaerat numquam');

/*!40000 ALTER TABLE `guest` ENABLE KEYS */;
UNLOCK TABLES;


# Export von Tabelle inventory
# ------------------------------------------------------------

DROP TABLE IF EXISTS `inventory`;

CREATE TABLE `inventory` (
  `id` int(11) NOT NULL AUTO_INCREMENT,
  `beds` int(11) DEFAULT NULL,
  `closets` int(11) DEFAULT NULL,
  `tables` int(11) NOT NULL,
  `chairs` int(11) DEFAULT NULL,
  `floor` varchar(255) COLLATE utf8mb4_unicode_ci DEFAULT NULL,
  `walls` varchar(255) COLLATE utf8mb4_unicode_ci DEFAULT NULL,
  `windows` int(11) DEFAULT NULL,
  `doors` varchar(255) COLLATE utf8mb4_unicode_ci DEFAULT NULL,
  `roomsspecial` longtext COLLATE utf8mb4_unicode_ci,
  `hidden` tinyint(1) DEFAULT NULL,
  `deleted` tinyint(1) DEFAULT NULL,
  `crdate` int(11) DEFAULT NULL,
  `tstamp` int(11) DEFAULT NULL,
  `text` longtext COLLATE utf8mb4_unicode_ci,
  `inventory_id` int(11) DEFAULT NULL,
  `booking_id` int(11) DEFAULT NULL,
  PRIMARY KEY (`id`),
  KEY `IDX_B12D4A369EEA759` (`inventory_id`),
  KEY `IDX_B12D4A363301C60` (`booking_id`),
  CONSTRAINT `FK_B12D4A363301C60` FOREIGN KEY (`booking_id`) REFERENCES `booking` (`id`),
  CONSTRAINT `FK_B12D4A369EEA759` FOREIGN KEY (`inventory_id`) REFERENCES `booking` (`id`)
) ENGINE=InnoDB DEFAULT CHARSET=utf8mb4 COLLATE=utf8mb4_unicode_ci;

LOCK TABLES `inventory` WRITE;
/*!40000 ALTER TABLE `inventory` DISABLE KEYS */;

INSERT INTO `inventory` (`id`, `beds`, `closets`, `tables`, `chairs`, `floor`, `walls`, `windows`, `doors`, `roomsspecial`, `hidden`, `deleted`, `crdate`, `tstamp`, `text`, `inventory_id`, `booking_id`)
VALUES
	(1,1,2,3,4,'3','4',2,'3','Balkon',0,0,NULL,NULL,NULL,104,104),
	(2,36,54,17,15,'Magni sit in in officia enim dolore qui odio quia aliquam qui dolores ut lorem','Voluptatem aut officia qui sint ea eum aliquid error quos consectetur sed',24,'Tempora dolorem reprehenderit molestiae et corrupti natus necessitatibus voluptate ut id velit laboris sint temporibus et','Incidunt minim sed ',0,0,1572792487,1572792487,'Aliquid quo laborios',105,105),
	(3,60,26,64,82,'Quia quo est nesciunt ad','Do sit consequuntur minim autem',77,'Tempora commodi deleniti eos molestiae et qui iure ea autem','Cupidatat et rerum r',0,0,1572792898,1572792898,'Porro ad rerum volup',105,105),
	(4,51,6,66,6,'Est esse dignissimos quia nihil maxime consequatur sunt','Consequatur occaecat ea consequatur non minus aliquam Nam non do culpa ea odit elit sit incidunt quia est quia',6,'Minima voluptas qui rerum ea minima ut nemo vitae voluptatem cillum autem sunt veniam consequatur saepe officiis cupidatat','Dolorum id qui ipsa',0,0,1572792978,1572792978,'Optio eaque nihil c',108,108),
	(5,55,65,98,48,'Sed quasi voluptates tempor consequatur Autem alias voluptas accusantium ut dignissimos','Dolores non voluptatum asperiores ullam',98,'Quo enim velit voluptas consequuntur est soluta nulla accusamus sunt et obcaecati omnis corrupti totam qui molestiae in est expedita','Facere id earum omni',0,0,1572794586,1572794586,'Qui fugiat id rerum',114,114),
	(6,66,16,3,65,'Lorem eum quasi dolores ducimus aspernatur est nesciunt ducimus duis maiores error ducimus','Voluptatem officiis autem sed labore corporis quidem proident sint',99,'Nulla velit nisi fugiat tempora ex veritatis doloribus voluptate labore sed porro ea nostrud perspiciatis libero sequi','Vitae quisquam praes',0,0,1572795253,1572795253,'In ad laborum provid',115,115),
	(7,41,2,83,68,'Sit eos a eius sint quae fugiat itaque nulla amet eos adipisicing aperiam quia ea','Eos ut dolor et voluptates molestiae elit suscipit velit mollit harum',95,'Commodi est vitae dolore recusandae Eiusmod qui aut','Nihil iure deleniti ',0,0,1572862780,1572862780,'Vel nisi qui sint in',116,116),
	(8,56,40,89,66,'Deserunt similique excepturi illo et laborum culpa facilis praesentium incidunt','Voluptas incididunt soluta eaque autem eaque rerum ea sunt at aut dolore itaque pariatur Rerum distinctio Dolores esse facere',1,'Velit cumque et sapiente Nam facere in aliqua Sequi laborum Sit do iure magnam','Non minim delectus ',0,0,1572863325,1572863325,'Amet praesentium is',117,117),
	(9,50,72,96,95,'Et praesentium adipisicing culpa non non animi non maiores','Consequatur Neque nihil reprehenderit velit dolorem enim nihil velit culpa aliquip velit ad obcaecati',4,'Ut enim nihil amet sed minima ullam consequatur consectetur deserunt vel cumque pariatur Explicabo','Voluptate provident',0,0,1572885430,1572885430,'Officia a natus mini',122,122),
	(10,52,94,82,98,'Aperiam a in saepe mollitia','Fuga Tenetur accusamus non aliquip eos animi amet',29,'Ut non facilis itaque corporis accusantium eligendi pariatur Quisquam nulla dignissimos natus dolorem odit et facilis sed in fuga Quia','Et velit deserunt cu',0,0,1572887744,1572887744,'Ea laborum Et imped',125,125),
	(11,74,91,32,1,'Ex sit veritatis voluptatem harum libero id sit ea amet debitis repellendus Saepe accusantium nihil sit','Ipsum ut sed magni quo autem obcaecati dolores molestiae',32,'Cillum consequat Dicta hic similique architecto adipisci illum ratione id deserunt porro inventore sit ad corporis','Aliquam impedit ea ',0,0,1572888282,1572888282,'Commodo anim ut temp',10,10),
	(12,2,1,1,4,'1. OG','6',3,'4','Aliquam impedit ea ',0,0,1572888346,1572888346,'Commodo anim ut temp',125,125),
	(13,58,12,48,71,'Adipisicing et amet a placeat ipsum et laudantium magni et','Atque voluptate quia aliquid excepturi dolore atque doloribus aliqua Tempor omnis quia irure consequatur aut assumenda in dolor neque',30,'Amet mollit voluptatem dolor cupidatat voluptatem in quibusdam ab','Eiusmod omnis ut qua',0,0,1572888834,1572888834,'Sit lorem doloremque',121,121),
	(14,42,68,83,71,'Quia aut quod vero sequi similique labore nisi doloremque reprehenderit voluptatum','Ipsa fugit iusto obcaecati nihil obcaecati aut a est animi',43,'Qui illum voluptas laboris corporis iusto adipisci officia','Dolor porro quae num',0,0,1573161416,1573161416,'Obcaecati accusamus ',134,134),
	(15,83,84,84,27,'Nostrum aut laboriosam blanditiis ut natus a ut dolor pariatur Et ea magna veritatis in eaque eum','Dolor facilis voluptatem esse similique ut modi neque itaque beatae totam anim aliquam veniam sed qui illum ab',3,'Dolore nesciunt labore adipisicing sint temporibus sint quo cupidatat reiciendis est mollitia eius aspernatur neque quia eveniet sunt voluptatum','Officia Nam fugiat o',0,0,1573162765,1573162765,'Tenetur beatae eveni',136,136);

/*!40000 ALTER TABLE `inventory` ENABLE KEYS */;
UNLOCK TABLES;


# Export von Tabelle migration_versions
# ------------------------------------------------------------

DROP TABLE IF EXISTS `migration_versions`;

CREATE TABLE `migration_versions` (
  `version` varchar(14) COLLATE utf8mb4_unicode_ci NOT NULL,
  `executed_at` datetime NOT NULL COMMENT '(DC2Type:datetime_immutable)',
  PRIMARY KEY (`version`)
) ENGINE=InnoDB DEFAULT CHARSET=utf8mb4 COLLATE=utf8mb4_unicode_ci;

LOCK TABLES `migration_versions` WRITE;
/*!40000 ALTER TABLE `migration_versions` DISABLE KEYS */;

INSERT INTO `migration_versions` (`version`, `executed_at`)
VALUES
	('20190912160753','2019-09-12 16:16:22'),
	('20190912161834','2019-09-12 16:18:44'),
	('20190912161938','2019-09-12 16:19:43'),
	('20190912162236','2019-09-12 16:22:40'),
	('20190912162420','2019-09-12 16:24:24'),
	('20190912162556','2019-09-12 16:26:00'),
	('20190912163049','2019-09-12 16:30:55'),
	('20190912170549','2019-09-12 17:05:57'),
	('20190927112956','2019-09-27 11:30:18'),
	('20191023162142','2019-10-23 16:21:53'),
	('20191024151539','2019-10-24 15:15:50'),
	('20191024151719','2019-10-24 15:17:26'),
	('20191024151818','2019-10-24 15:18:23'),
	('20191024151955','2019-10-24 15:20:02'),
	('20191030122410','2019-10-30 12:24:17'),
	('20191030124028','2019-10-30 12:40:34'),
	('20191104112929','2019-11-04 11:29:38'),
	('20191104113034','2019-11-04 11:30:39');

/*!40000 ALTER TABLE `migration_versions` ENABLE KEYS */;
UNLOCK TABLES;


# Export von Tabelle parking
# ------------------------------------------------------------

DROP TABLE IF EXISTS `parking`;

CREATE TABLE `parking` (
  `id` int(11) NOT NULL AUTO_INCREMENT,
  `carplate` varchar(255) COLLATE utf8mb4_unicode_ci DEFAULT NULL,
  `startdate` datetime DEFAULT NULL,
  `enddate` datetime DEFAULT NULL,
  `hidden` tinyint(1) DEFAULT NULL,
  `deleted` tinyint(1) DEFAULT NULL,
  `crdate` int(11) DEFAULT NULL,
  `tstamp` int(11) DEFAULT NULL,
  `parking_id` int(11) DEFAULT NULL,
  `booking_id` int(11) DEFAULT NULL,
  PRIMARY KEY (`id`),
  KEY `IDX_B237527AF17B2DD` (`parking_id`),
  KEY `IDX_B237527A3301C60` (`booking_id`),
  CONSTRAINT `FK_B237527A3301C60` FOREIGN KEY (`booking_id`) REFERENCES `booking` (`id`),
  CONSTRAINT `FK_B237527AF17B2DD` FOREIGN KEY (`parking_id`) REFERENCES `booking` (`id`)
) ENGINE=InnoDB DEFAULT CHARSET=utf8mb4 COLLATE=utf8mb4_unicode_ci;

LOCK TABLES `parking` WRITE;
/*!40000 ALTER TABLE `parking` DISABLE KEYS */;

INSERT INTO `parking` (`id`, `carplate`, `startdate`, `enddate`, `hidden`, `deleted`, `crdate`, `tstamp`, `parking_id`, `booking_id`)
VALUES
	(1,'M:L:1022','2019-10-30 00:00:00','2019-10-30 00:00:00',NULL,NULL,NULL,NULL,NULL,104),
	(2,'KL-D-102','2019-10-30 00:00:00','2019-10-30 00:00:00',0,0,1572463689,1572463689,NULL,NULL),
	(3,'MZ-WW-112','2019-10-30 00:00:00','2019-10-30 00:00:00',0,0,1572463706,1572463706,NULL,NULL),
	(4,'B-W-10','2019-10-30 00:00:00','2019-10-30 00:00:00',0,0,1572463724,1572463724,NULL,NULL),
	(5,'2019-10-30','2019-10-30 00:00:00','2019-10-30 00:00:00',0,0,1572463745,1572463745,NULL,NULL),
	(6,'K-M-100','2019-10-30 00:00:00','2019-10-30 00:00:00',0,0,1572463955,1572463955,NULL,NULL),
	(7,'K-ML-99','2019-10-30 00:00:00','2019-10-30 00:00:00',0,0,1572463985,1572463985,NULL,NULL),
	(8,'M-WW-129','2019-10-30 00:00:00','2019-10-30 00:00:00',0,0,1572463996,1572463996,NULL,NULL),
	(9,'M-L-12','2019-10-30 00:00:00','2019-10-30 00:00:00',0,0,1572464055,1572464055,107,107),
	(10,'KL-D-111','2019-10-30 00:00:00','2019-10-30 00:00:00',0,0,1572464068,1572464068,107,107),
	(11,'B-Z-999','2019-10-30 00:00:00','2019-10-31 00:00:00',0,0,1572464725,1572464725,107,107),
	(12,'WI-W-22','2019-10-30 00:00:00','2019-11-02 00:00:00',0,0,1572464973,1572464973,107,107),
	(13,'K-M-88','2019-10-22 00:00:00','2019-11-02 00:00:00',0,0,1572465097,1572465097,105,105),
	(14,'KL-DK-1','2019-10-27 00:00:00','2019-10-31 00:00:00',0,0,1572465525,1572465525,105,105),
	(15,'Aut perferendis Nam sint dolorem debitis sunt sed aute','2019-11-04 00:00:00','2019-11-04 00:00:00',0,0,1572862799,1572862799,116,116),
	(16,'Enim','2019-11-04 00:00:00','2019-11-04 00:00:00',0,0,1572885422,1572885422,122,122),
	(17,'KL:DK:102','2019-11-17 00:00:00','2019-11-21 00:00:00',0,0,1573161394,1573161394,134,134),
	(18,'Est quod in esse dolore non id molestiae autem impedit placeat sint aute rem aut omnis sunt','2020-12-07 00:00:00','2019-11-07 00:00:00',0,0,1573161704,1573161704,135,135),
	(19,'Animi consequatur optio ut totam eveniet quia alias eos commodo quod voluptatem maiores cillum','2019-11-07 00:00:00','2019-11-07 00:00:00',0,0,1573162752,1573162752,136,136);

/*!40000 ALTER TABLE `parking` ENABLE KEYS */;
UNLOCK TABLES;


# Export von Tabelle payment
# ------------------------------------------------------------

DROP TABLE IF EXISTS `payment`;

CREATE TABLE `payment` (
  `id` int(11) NOT NULL AUTO_INCREMENT,
  `payment` int(11) DEFAULT NULL,
  `number` varchar(255) COLLATE utf8mb4_unicode_ci DEFAULT NULL,
  `securitynumber` varchar(255) COLLATE utf8mb4_unicode_ci DEFAULT NULL,
  `hidden` tinyint(1) DEFAULT NULL,
  `deleted` tinyint(1) DEFAULT NULL,
  `crdate` int(11) DEFAULT NULL,
  `tstamp` int(11) DEFAULT NULL,
  `payments_id` int(11) DEFAULT NULL,
  `booking_id` int(11) DEFAULT NULL,
  PRIMARY KEY (`id`),
  KEY `IDX_6D28840DBBC61482` (`payments_id`),
  KEY `IDX_6D28840D3301C60` (`booking_id`),
  CONSTRAINT `FK_6D28840D3301C60` FOREIGN KEY (`booking_id`) REFERENCES `booking` (`id`),
  CONSTRAINT `FK_6D28840DBBC61482` FOREIGN KEY (`payments_id`) REFERENCES `booking` (`id`)
) ENGINE=InnoDB DEFAULT CHARSET=utf8mb4 COLLATE=utf8mb4_unicode_ci;

LOCK TABLES `payment` WRITE;
/*!40000 ALTER TABLE `payment` DISABLE KEYS */;

INSERT INTO `payment` (`id`, `payment`, `number`, `securitynumber`, `hidden`, `deleted`, `crdate`, `tstamp`, `payments_id`, `booking_id`)
VALUES
	(1,100,'10303003032','986',0,0,1572460439,1572460439,107,NULL),
	(2,100,'2102120222','986',0,0,1572460473,1572460473,106,NULL),
	(3,22,'459','320',0,0,1572462179,1572462179,49,NULL),
	(4,48,'276','526',0,0,1572462238,1572462238,102,NULL),
	(5,61,'933','48',0,0,1572462306,1572462306,108,NULL),
	(6,57,'488','918',0,0,1572462478,1572462478,110,NULL),
	(7,46,'17','119',0,0,1572462679,1572462679,111,NULL),
	(8,6,'325','1',0,0,1572462803,1572462803,105,NULL),
	(9,67,'540','279',0,0,1572794319,1572794319,113,NULL),
	(10,22,'309','941',0,0,1572794543,1572794543,114,NULL),
	(11,7,'224','324',0,0,1572795178,1572795178,115,115),
	(12,24,'578','89',0,0,1572885412,1572885412,122,122),
	(13,36,'970','956',0,0,1572887369,1572887369,120,120),
	(14,91,'469','258',0,0,1572887734,1572887734,125,125),
	(15,99,'645','635',0,0,1572888799,1572888799,121,121),
	(16,32,'609','462',0,0,1572889207,1572889207,126,126),
	(17,20,'105','467',0,0,1572889382,1572889382,48,48),
	(18,55,'896','840',0,0,1573161377,1573161377,134,134),
	(19,60,'886','418',0,0,1573161631,1573161631,124,124),
	(20,20,'353','511',0,0,1573161689,1573161689,135,135),
	(21,54,'413','122',0,0,1573162721,1573162721,136,136);

/*!40000 ALTER TABLE `payment` ENABLE KEYS */;
UNLOCK TABLES;


# Export von Tabelle price
# ------------------------------------------------------------

DROP TABLE IF EXISTS `price`;

CREATE TABLE `price` (
  `id` int(11) NOT NULL AUTO_INCREMENT,
  `type` varchar(255) COLLATE utf8mb4_unicode_ci DEFAULT NULL,
  `price` varchar(255) COLLATE utf8mb4_unicode_ci DEFAULT NULL,
  `tax` varchar(255) COLLATE utf8mb4_unicode_ci DEFAULT NULL,
  `amount` varchar(255) COLLATE utf8mb4_unicode_ci DEFAULT NULL,
  `deleted` tinyint(1) DEFAULT NULL,
  `hidden` tinyint(1) DEFAULT NULL,
  `crdate` int(11) DEFAULT NULL,
  `tstamp` int(11) DEFAULT NULL,
  `prices_id` int(11) DEFAULT NULL,
  `booking_id` int(11) DEFAULT NULL,
  PRIMARY KEY (`id`),
  KEY `IDX_CAC822D9D9C9DE39` (`prices_id`),
  KEY `IDX_CAC822D93301C60` (`booking_id`),
  CONSTRAINT `FK_CAC822D93301C60` FOREIGN KEY (`booking_id`) REFERENCES `booking` (`id`),
  CONSTRAINT `FK_CAC822D9D9C9DE39` FOREIGN KEY (`prices_id`) REFERENCES `booking` (`id`)
) ENGINE=InnoDB DEFAULT CHARSET=utf8mb4 COLLATE=utf8mb4_unicode_ci;

LOCK TABLES `price` WRITE;
/*!40000 ALTER TABLE `price` DISABLE KEYS */;

INSERT INTO `price` (`id`, `type`, `price`, `tax`, `amount`, `deleted`, `hidden`, `crdate`, `tstamp`, `prices_id`, `booking_id`)
VALUES
	(1,'weekly','33','12','asdf',0,0,1572455729,1572455729,NULL,NULL),
	(2,'daily','33','12','asdf',1,0,1572455768,1572459380,105,NULL),
	(3,'weekly','390','821','705',0,0,1572456247,1572456247,NULL,NULL),
	(4,'monthly','390','821','705',0,0,1572456274,1572456274,NULL,NULL),
	(5,'846','390','821','705',0,0,1572456320,1572456320,NULL,NULL),
	(6,'monthly','390','821','705',0,0,1572456345,1572456345,NULL,NULL),
	(7,'weekly','390','821','705',0,0,1572456401,1572456401,NULL,NULL),
	(8,'daily','390','821','705',0,0,1572456403,1572456403,NULL,NULL),
	(9,'monthly','248','330','25',0,0,1572456429,1572456429,NULL,NULL),
	(10,'daily','248','330','25',0,0,1572456452,1572456452,NULL,NULL),
	(11,'monthly','248','330','25',0,0,1572456464,1572456464,106,NULL),
	(12,'weekly','22','22','22',0,0,1572459253,1572459253,2,NULL),
	(13,'monthly','85','12','1',0,0,1572459590,1572459590,51,NULL),
	(14,'378','876','224','182',0,0,1572461996,1572461996,103,NULL),
	(15,'761','52','117','6',0,0,1572462038,1572462038,48,NULL),
	(16,'915','247','737','740',0,0,1572462105,1572462105,49,NULL),
	(17,'922','17','833','876',0,0,1572462245,1572462245,102,NULL),
	(18,'53','132','151','329',0,0,1572462317,1572462317,108,NULL),
	(19,'69','67','115','7',0,0,1572462419,1572462419,109,NULL),
	(20,'734','274','224','102',0,0,1572462471,1572462471,110,NULL),
	(21,'957','327','737','1000',0,0,1572462673,1572462673,111,NULL),
	(22,'407','285','149','29',0,0,1572462967,1572462967,107,NULL),
	(23,'517','258','191','841',0,0,1572794311,1572794311,113,NULL),
	(24,'164','923','686','196',0,0,1572794536,1572794536,114,NULL),
	(25,'908','31','468','790',0,0,1572795034,1572795034,NULL,NULL),
	(26,'908','31','468','790',0,0,1572795058,1572795058,NULL,NULL),
	(27,'103','1','194','277',0,0,1572795089,1572795089,NULL,NULL),
	(28,'103','1','194','277',0,0,1572795125,1572795125,115,115),
	(29,'657','725','544','508',0,0,1572862995,1572862995,47,47),
	(30,'835','963','608','402',0,0,1572885405,1572885405,122,122),
	(31,'524','196','186','637',0,0,1572886754,1572886754,119,119),
	(32,'546','54','17','305',0,0,1572887364,1572887364,120,120),
	(33,'629','393','893','883',1,0,1572887727,1573154194,125,125),
	(34,'144','187','714','660',0,0,1572888794,1572888794,121,121),
	(35,'905','611','325','171',0,0,1572889200,1572889200,126,126),
	(36,'monthly','100','19','1',0,0,1573154329,1573154329,125,125),
	(37,'48','354','994','737',0,0,1573161368,1573161368,134,134),
	(38,'602','714','261','986',0,0,1573161595,1573161595,124,124),
	(39,'801','74','76','318',0,0,1573161670,1573161670,135,135),
	(40,'903','351','415','276',0,0,1573162712,1573162712,136,136),
	(41,'239','645','531','300',0,0,1573575770,1573575770,137,137),
	(42,'959','832','763','670',0,0,1573665549,1573665549,128,128);

/*!40000 ALTER TABLE `price` ENABLE KEYS */;
UNLOCK TABLES;


# Export von Tabelle room
# ------------------------------------------------------------

DROP TABLE IF EXISTS `room`;

CREATE TABLE `room` (
  `id` int(11) NOT NULL AUTO_INCREMENT,
  `name` varchar(255) COLLATE utf8mb4_unicode_ci NOT NULL,
  `beds` int(11) DEFAULT NULL,
  `floor` varchar(255) COLLATE utf8mb4_unicode_ci DEFAULT NULL,
  `house` varchar(255) COLLATE utf8mb4_unicode_ci DEFAULT NULL,
  `hidden` tinyint(1) DEFAULT NULL,
  `deleted` tinyint(1) DEFAULT NULL,
  `crdate` int(11) DEFAULT NULL,
  `tstamp` int(11) DEFAULT NULL,
  `booking_id` int(11) DEFAULT NULL,
  PRIMARY KEY (`id`),
  KEY `IDX_729F519B3301C60` (`booking_id`),
  CONSTRAINT `FK_729F519B3301C60` FOREIGN KEY (`booking_id`) REFERENCES `booking` (`id`)
) ENGINE=InnoDB DEFAULT CHARSET=utf8mb4 COLLATE=utf8mb4_unicode_ci;

LOCK TABLES `room` WRITE;
/*!40000 ALTER TABLE `room` DISABLE KEYS */;

INSERT INTO `room` (`id`, `name`, `beds`, `floor`, `house`, `hidden`, `deleted`, `crdate`, `tstamp`, `booking_id`)
VALUES
	(1,'Room: 01',3,'EG','Haus Ost',NULL,NULL,NULL,NULL,NULL),
	(2,'Room: 02',NULL,'EG','Haus Ost',NULL,NULL,NULL,NULL,NULL),
	(3,'Room: 03',NULL,'EG','Haus Ost',NULL,NULL,NULL,NULL,NULL),
	(4,'Room: 04',2,'EG','Haus Ost',NULL,NULL,NULL,NULL,NULL),
	(5,'Room: 05',NULL,'EG','Haus Ost',NULL,NULL,NULL,NULL,NULL),
	(6,'Room: 06',4,'EG','Haus Ost',NULL,NULL,NULL,NULL,NULL),
	(7,'Room: 07',NULL,'EG','Haus Ost',NULL,NULL,NULL,NULL,NULL),
	(8,'Room: 08',NULL,'EG','Haus Ost',NULL,NULL,NULL,NULL,NULL),
	(9,'Room: 09',NULL,'EG','Haus Ost',NULL,NULL,NULL,NULL,NULL),
	(10,'Room: 10',NULL,'EG','Haus Ost',NULL,NULL,NULL,NULL,NULL),
	(11,'Room: 11',NULL,'EG','Haus Ost',NULL,NULL,NULL,NULL,NULL),
	(12,'Room: 12',NULL,'EG','Haus Ost',NULL,NULL,NULL,NULL,NULL),
	(13,'Room: 13',NULL,'EG','Haus Ost',NULL,NULL,NULL,NULL,NULL),
	(14,'Room: 14',NULL,'EG','Haus Ost',NULL,NULL,NULL,NULL,NULL),
	(15,'Room: 01',1,'EG','Haus Süd',NULL,NULL,NULL,NULL,NULL),
	(16,'Room: 02',NULL,'EG','Haus Süd',NULL,NULL,NULL,NULL,NULL),
	(17,'Room: 03',NULL,'EG','Haus Süd',NULL,NULL,NULL,NULL,NULL),
	(18,'Room: 04',NULL,'EG','Haus Süd',NULL,NULL,NULL,NULL,NULL),
	(19,'Room: 07',NULL,'EG','Haus Süd',NULL,NULL,NULL,NULL,NULL),
	(20,'Room: 08',NULL,'EG','Haus Süd',NULL,NULL,NULL,NULL,NULL),
	(21,'Room: 09',NULL,'EG','Haus Süd',NULL,NULL,NULL,NULL,NULL),
	(22,'Room: 10',NULL,'EG','Haus Süd',NULL,NULL,NULL,NULL,NULL),
	(23,'Room: 11',NULL,'EG','Haus Süd',NULL,NULL,NULL,NULL,NULL),
	(24,'Room: 12',NULL,'EG','Haus Süd',NULL,NULL,NULL,NULL,NULL),
	(25,'Room: 13',NULL,'EG','Haus Süd',NULL,NULL,NULL,NULL,NULL),
	(26,'Room: 14',NULL,'EG','Haus Süd',NULL,NULL,NULL,NULL,NULL),
	(27,'Room: 15',NULL,'EG','Haus Süd',NULL,NULL,NULL,NULL,NULL),
	(28,'Room: 16',NULL,'EG','Haus Süd',NULL,NULL,NULL,NULL,NULL),
	(29,'Room: 17',NULL,'EG','Haus Süd',NULL,NULL,NULL,NULL,NULL),
	(30,'Room: 01',NULL,'EG','Haus West',NULL,NULL,NULL,NULL,NULL),
	(31,'Room: 02',NULL,'EG','Haus West',NULL,NULL,NULL,NULL,NULL),
	(32,'Room: 03',NULL,'EG','Haus West',NULL,NULL,NULL,NULL,NULL),
	(33,'Room: 04',NULL,'EG','Haus West',NULL,NULL,NULL,NULL,NULL),
	(34,'Room: 05',NULL,'EG','Haus West',NULL,NULL,NULL,NULL,NULL),
	(35,'Room: 01',NULL,'OG 1','Haus Süd',NULL,NULL,NULL,NULL,NULL),
	(36,'Room: 02',NULL,'OG 1','Haus Süd',NULL,NULL,NULL,NULL,NULL),
	(37,'Room: 03',NULL,'OG 1','Haus Süd',NULL,NULL,NULL,NULL,NULL),
	(38,'Room: 04',NULL,'OG 1','Haus Süd',NULL,NULL,NULL,NULL,NULL),
	(39,'Room: 05',3,'OG 1','Haus Süd',NULL,NULL,NULL,NULL,NULL),
	(40,'Room: 06',NULL,'OG 1','Haus Süd',NULL,NULL,NULL,NULL,NULL),
	(41,'Room: 07',NULL,'OG 1','Haus Süd',NULL,NULL,NULL,NULL,NULL),
	(42,'Room: 08',NULL,'OG 1','Haus Süd',NULL,NULL,NULL,NULL,NULL),
	(43,'Room: 09',NULL,'OG 1','Haus Süd',NULL,NULL,NULL,NULL,NULL),
	(44,'Room: 10',NULL,'OG 1','Haus Süd',NULL,NULL,NULL,NULL,NULL),
	(45,'Room: 11',NULL,'OG 1','Haus Süd',NULL,NULL,NULL,NULL,NULL),
	(46,'Room: 12',NULL,'OG 1','Haus Süd',NULL,NULL,NULL,NULL,NULL),
	(47,'Room: 13',NULL,'OG 1','Haus Süd',NULL,NULL,NULL,NULL,NULL),
	(48,'Room: 14',NULL,'OG 1','Haus Süd',NULL,NULL,NULL,NULL,NULL),
	(49,'Room: 15',NULL,'OG 1','Haus Süd',NULL,NULL,NULL,NULL,NULL),
	(50,'Room: 16',NULL,'OG 1','Haus Süd',NULL,NULL,NULL,NULL,NULL),
	(51,'Room: 17',NULL,'OG 1','Haus Süd',NULL,NULL,NULL,NULL,NULL),
	(52,'Room: 18',NULL,'OG 1','Haus Süd',NULL,NULL,NULL,NULL,NULL),
	(53,'Room: 19',NULL,'OG 1','Haus Süd',NULL,NULL,NULL,NULL,NULL),
	(54,'Room: 20',NULL,'OG 1','Haus Süd',NULL,NULL,NULL,NULL,NULL),
	(55,'Room: 21',NULL,'OG 1','Haus Süd',NULL,NULL,NULL,NULL,NULL),
	(56,'Room: 22',NULL,'OG 1','Haus Süd',NULL,NULL,NULL,NULL,NULL),
	(57,'Room: 23',NULL,'OG 1','Haus Süd',NULL,NULL,NULL,NULL,NULL),
	(58,'Room: 24',NULL,'OG 1','Haus Süd',NULL,NULL,NULL,NULL,NULL),
	(59,'Room: 01',NULL,'OG 1','Haus West',NULL,NULL,NULL,NULL,NULL),
	(60,'Room: 02',NULL,'OG 1','Haus West',NULL,NULL,NULL,NULL,NULL),
	(61,'Room: 03',NULL,'OG 1','Haus West',NULL,NULL,NULL,NULL,NULL),
	(62,'Room: 04',NULL,'OG 1','Haus West',NULL,NULL,NULL,NULL,NULL),
	(63,'Room: 05',NULL,'OG 1','Haus West',NULL,NULL,NULL,NULL,NULL),
	(64,'Room: 06',NULL,'OG 1','Haus West',NULL,NULL,NULL,NULL,NULL),
	(65,'Room: 07',NULL,'OG 1','Haus West',NULL,NULL,NULL,NULL,NULL),
	(66,'Room: 08',NULL,'OG 1','Haus West',NULL,NULL,NULL,NULL,NULL),
	(67,'Room: 09',NULL,'OG 1','Haus West',NULL,NULL,NULL,NULL,NULL),
	(68,'Room: 10',NULL,'OG 1','Haus West',NULL,NULL,NULL,NULL,NULL),
	(69,'Room: 11',NULL,'OG 1','Haus West',NULL,NULL,NULL,NULL,NULL),
	(70,'Room: 12',NULL,'OG 1','Haus West',NULL,NULL,NULL,NULL,NULL),
	(71,'Room: 13',NULL,'OG 1','Haus West',NULL,NULL,NULL,NULL,NULL),
	(72,'Room: 14',NULL,'OG 1','Haus West',NULL,NULL,NULL,NULL,NULL),
	(73,'Room: 15',NULL,'OG 1','Haus West',NULL,NULL,NULL,NULL,NULL),
	(74,'Room: 16',NULL,'OG 1','Haus West',NULL,NULL,NULL,NULL,NULL),
	(75,'Room: 17',NULL,'OG 1','Haus West',NULL,NULL,NULL,NULL,NULL),
	(76,'Room: 18',NULL,'OG 1','Haus West',NULL,NULL,NULL,NULL,NULL),
	(77,'Room: 19',NULL,'OG 1','Haus West',NULL,NULL,NULL,NULL,NULL),
	(78,'Room: 20',NULL,'OG 1','Haus West',NULL,NULL,NULL,NULL,NULL),
	(79,'Room: 21',NULL,'OG 1','Haus West',NULL,NULL,NULL,NULL,NULL),
	(80,'Room: 22',NULL,'OG 1','Haus West',NULL,NULL,NULL,NULL,NULL),
	(81,'Room: 01',NULL,'OG 1','Haus Nord',NULL,NULL,NULL,NULL,NULL),
	(82,'Room: 02',NULL,'OG 1','Haus Nord',NULL,NULL,NULL,NULL,NULL),
	(83,'Room: 03',NULL,'OG 1','Haus Nord',NULL,NULL,NULL,NULL,NULL),
	(84,'Room: 04',NULL,'OG 1','Haus Nord',NULL,NULL,NULL,NULL,NULL),
	(85,'Room: 05',NULL,'OG 1','Haus Nord',NULL,NULL,NULL,NULL,NULL),
	(86,'Room: 06',NULL,'OG 1','Haus Nord',NULL,NULL,NULL,NULL,NULL),
	(87,'Room: 07',NULL,'OG 1','Haus Nord',NULL,NULL,NULL,NULL,NULL),
	(88,'Room: 08',NULL,'OG 1','Haus Nord',NULL,NULL,NULL,NULL,NULL),
	(89,'Room: 09',NULL,'OG 1','Haus Nord',NULL,NULL,NULL,NULL,NULL),
	(90,'Room: 10',NULL,'OG 1','Haus Nord',NULL,NULL,NULL,NULL,NULL),
	(91,'Room: 11',NULL,'OG 1','Haus Nord',NULL,NULL,NULL,NULL,NULL),
	(92,'Room: 12',NULL,'OG 1','Haus Nord',NULL,NULL,NULL,NULL,NULL),
	(93,'Room: 13',NULL,'OG 1','Haus Nord',NULL,NULL,NULL,NULL,NULL),
	(94,'Room: 14',NULL,'OG 1','Haus Nord',NULL,NULL,NULL,NULL,NULL),
	(95,'Room: 15',NULL,'OG 1','Haus Nord',NULL,NULL,NULL,NULL,NULL),
	(96,'Room: 16',NULL,'OG 1','Haus Nord',NULL,NULL,NULL,NULL,NULL),
	(97,'Room: 17',NULL,'OG 1','Haus Nord',NULL,NULL,NULL,NULL,NULL),
	(98,'Room: 18',NULL,'OG 1','Haus Nord',NULL,NULL,NULL,NULL,NULL),
	(99,'Room: 05',NULL,'OG 1','Haus Ost',NULL,NULL,NULL,NULL,NULL),
	(100,'Room: 06',NULL,'OG 1','Haus Ost',NULL,NULL,NULL,NULL,NULL),
	(101,'Room: 07',NULL,'OG 1','Haus Ost',NULL,NULL,NULL,NULL,NULL),
	(102,'Room: 08',NULL,'OG 1','Haus Ost',NULL,NULL,NULL,NULL,NULL),
	(103,'Room: 09',NULL,'OG 1','Haus Ost',NULL,NULL,NULL,NULL,NULL),
	(104,'Room: 10',NULL,'OG 1','Haus Ost',NULL,NULL,NULL,NULL,NULL),
	(105,'Room: 11',NULL,'OG 1','Haus Ost',NULL,NULL,NULL,NULL,NULL),
	(106,'Room: 12',NULL,'OG 1','Haus Ost',NULL,NULL,NULL,NULL,NULL),
	(107,'Room: 13',NULL,'OG 1','Haus Ost',NULL,NULL,NULL,NULL,NULL),
	(108,'Room: 14',NULL,'OG 1','Haus Ost',NULL,NULL,NULL,NULL,NULL),
	(109,'Room: 15',NULL,'OG 1','Haus Ost',NULL,NULL,NULL,NULL,NULL),
	(110,'Room: 16',NULL,'OG 1','Haus Ost',NULL,NULL,NULL,NULL,NULL),
	(111,'Room: 17',NULL,'OG 1','Haus Ost',NULL,NULL,NULL,NULL,NULL),
	(112,'Room: 18',NULL,'OG 1','Haus Ost',NULL,NULL,NULL,NULL,NULL),
	(113,'Room: 19',NULL,'OG 1','Haus Ost',NULL,NULL,NULL,NULL,NULL),
	(114,'Room: 01',NULL,'OG 2','Haus Süd',NULL,NULL,NULL,NULL,NULL),
	(115,'Room: 02',NULL,'OG 2','Haus Süd',NULL,NULL,NULL,NULL,NULL),
	(116,'Room: 03',NULL,'OG 2','Haus Süd',NULL,NULL,NULL,NULL,NULL),
	(117,'Room: 04',NULL,'OG 2','Haus Süd',NULL,NULL,NULL,NULL,NULL),
	(118,'Room: 05',NULL,'OG 2','Haus Süd',NULL,NULL,NULL,NULL,NULL),
	(119,'Room: 06',NULL,'OG 2','Haus Süd',NULL,NULL,NULL,NULL,NULL),
	(120,'Room: 07',NULL,'OG 2','Haus Süd',NULL,NULL,NULL,NULL,NULL),
	(121,'Room: 08',NULL,'OG 2','Haus Süd',NULL,NULL,NULL,NULL,NULL),
	(122,'Room: 09',NULL,'OG 2','Haus Süd',NULL,NULL,NULL,NULL,NULL),
	(123,'Room: 10',NULL,'OG 2','Haus Süd',NULL,NULL,NULL,NULL,NULL),
	(124,'Room: 11',NULL,'OG 2','Haus Süd',NULL,NULL,NULL,NULL,NULL),
	(125,'Room: 12',NULL,'OG 2','Haus Süd',NULL,NULL,NULL,NULL,NULL),
	(126,'Room: 13',NULL,'OG 2','Haus Süd',NULL,NULL,NULL,NULL,NULL),
	(127,'Room: 14',NULL,'OG 2','Haus Süd',NULL,NULL,NULL,NULL,NULL),
	(128,'Room: 15',NULL,'OG 2','Haus Süd',NULL,NULL,NULL,NULL,NULL),
	(129,'Room: 16',NULL,'OG 2','Haus Süd',NULL,NULL,NULL,NULL,NULL),
	(130,'Room: 17',NULL,'OG 2','Haus Süd',NULL,NULL,NULL,NULL,NULL),
	(131,'Room: 18',NULL,'OG 2','Haus Süd',NULL,NULL,NULL,NULL,NULL),
	(132,'Room: 01',NULL,'OG 2','Haus West',NULL,NULL,NULL,NULL,NULL),
	(133,'Room: 02',NULL,'OG 2','Haus West',NULL,NULL,NULL,NULL,NULL),
	(134,'Room: 03',NULL,'OG 2','Haus West',NULL,NULL,NULL,NULL,NULL),
	(135,'Room: 04',NULL,'OG 2','Haus West',NULL,NULL,NULL,NULL,NULL),
	(136,'Room: 05',NULL,'OG 2','Haus West',NULL,NULL,NULL,NULL,NULL),
	(137,'Room: 06',NULL,'OG 2','Haus West',NULL,NULL,NULL,NULL,NULL),
	(138,'Room: 07',NULL,'OG 2','Haus West',NULL,NULL,NULL,NULL,NULL),
	(139,'Room: 08',NULL,'OG 2','Haus West',NULL,NULL,NULL,NULL,NULL),
	(140,'Room: 09',NULL,'OG 2','Haus West',NULL,NULL,NULL,NULL,NULL),
	(141,'Room: 10',NULL,'OG 2','Haus West',NULL,NULL,NULL,NULL,NULL),
	(142,'Room: 11',NULL,'OG 2','Haus West',NULL,NULL,NULL,NULL,NULL),
	(143,'Room: 12',NULL,'OG 2','Haus West',NULL,NULL,NULL,NULL,NULL),
	(144,'Room: 13',NULL,'OG 2','Haus West',NULL,NULL,NULL,NULL,NULL),
	(145,'Room: 14',NULL,'OG 2','Haus West',NULL,NULL,NULL,NULL,NULL),
	(146,'Room: 01',NULL,'OG 2','Haus Nord',NULL,NULL,NULL,NULL,NULL),
	(147,'Room: 02',NULL,'OG 2','Haus Nord',NULL,NULL,NULL,NULL,NULL),
	(148,'Room: 03',NULL,'OG 2','Haus Nord',NULL,NULL,NULL,NULL,NULL),
	(149,'Room: 04',NULL,'OG 2','Haus Nord',NULL,NULL,NULL,NULL,NULL),
	(150,'Room: 05',NULL,'OG 2','Haus Nord',NULL,NULL,NULL,NULL,NULL),
	(151,'Room: 06',NULL,'OG 2','Haus Nord',NULL,NULL,NULL,NULL,NULL),
	(152,'Room: 07',NULL,'OG 2','Haus Nord',NULL,NULL,NULL,NULL,NULL),
	(153,'Room: 08',NULL,'OG 2','Haus Nord',NULL,NULL,NULL,NULL,NULL),
	(154,'Room: 09',NULL,'OG 2','Haus Nord',NULL,NULL,NULL,NULL,NULL),
	(155,'Room: 10',NULL,'OG 2','Haus Nord',NULL,NULL,NULL,NULL,NULL),
	(156,'Room: 11',NULL,'OG 2','Haus Nord',NULL,NULL,NULL,NULL,NULL),
	(157,'Room: 12',NULL,'OG 2','Haus Nord',NULL,NULL,NULL,NULL,NULL),
	(158,'Room: 13',NULL,'OG 2','Haus Nord',NULL,NULL,NULL,NULL,NULL),
	(159,'Room: 14',NULL,'OG 2','Haus Nord',NULL,NULL,NULL,NULL,NULL),
	(160,'Room: 15',NULL,'OG 2','Haus Nord',NULL,NULL,NULL,NULL,NULL),
	(161,'Room: 16',NULL,'OG 2','Haus Nord',NULL,NULL,NULL,NULL,NULL),
	(162,'Room: 17',NULL,'OG 2','Haus Nord',NULL,NULL,NULL,NULL,NULL),
	(163,'Room: 18',NULL,'OG 2','Haus Nord',NULL,NULL,NULL,NULL,NULL),
	(164,'Room: 19',NULL,'OG 2','Haus Nord',NULL,NULL,NULL,NULL,NULL),
	(165,'Room: 20',NULL,'OG 2','Haus Nord',NULL,NULL,NULL,NULL,NULL),
	(166,'Room: 21',NULL,'OG 2','Haus Nord',NULL,NULL,NULL,NULL,NULL),
	(167,'Room: 22',NULL,'OG 2','Haus Nord',NULL,NULL,NULL,NULL,NULL),
	(168,'Room: 23',NULL,'OG 2','Haus Nord',NULL,NULL,NULL,NULL,NULL),
	(169,'Room: 24',NULL,'OG 2','Haus Nord',NULL,NULL,NULL,NULL,NULL),
	(170,'Room: 25',NULL,'OG 2','Haus Nord',NULL,NULL,NULL,NULL,NULL),
	(171,'Room: 26',NULL,'OG 2','Haus Nord',NULL,NULL,NULL,NULL,NULL),
	(172,'Room: 01',NULL,'OG 2','Haus Ost',NULL,NULL,NULL,NULL,NULL),
	(173,'Room: 02',NULL,'OG 2','Haus Ost',NULL,NULL,NULL,NULL,NULL),
	(174,'Room: 03',NULL,'OG 2','Haus Ost',NULL,NULL,NULL,NULL,NULL),
	(175,'Room: 04',NULL,'OG 2','Haus Ost',NULL,NULL,NULL,NULL,NULL),
	(176,'Room: 05',NULL,'OG 2','Haus Ost',NULL,NULL,NULL,NULL,NULL),
	(177,'Room: 06',NULL,'OG 2','Haus Ost',NULL,NULL,NULL,NULL,NULL),
	(178,'Room: 07',NULL,'OG 2','Haus Ost',NULL,NULL,NULL,NULL,NULL),
	(179,'Room: 01',NULL,'OG 3','Haus Nord',NULL,NULL,NULL,NULL,NULL),
	(180,'Room: 02',NULL,'OG 3','Haus Nord',NULL,NULL,NULL,NULL,NULL),
	(181,'Room: 03',NULL,'OG 3','Haus Nord',NULL,NULL,NULL,NULL,NULL),
	(182,'Room: 04',NULL,'OG 3','Haus Nord',NULL,NULL,NULL,NULL,NULL),
	(183,'Room: 05',NULL,'OG 3','Haus Nord',NULL,NULL,NULL,NULL,NULL),
	(184,'Room: 06',NULL,'OG 3','Haus Nord',NULL,NULL,NULL,NULL,NULL),
	(185,'Room: 07',NULL,'OG 3','Haus Nord',NULL,NULL,NULL,NULL,NULL),
	(186,'Room: 08',NULL,'OG 3','Haus Nord',NULL,NULL,NULL,NULL,NULL),
	(187,'Room: 09',NULL,'OG 3','Haus Nord',NULL,NULL,NULL,NULL,NULL),
	(188,'Room: 10',NULL,'OG 3','Haus Nord',NULL,NULL,NULL,NULL,NULL),
	(189,'Room: 11',NULL,'OG 3','Haus Nord',NULL,NULL,NULL,NULL,NULL),
	(190,'Room: 12',NULL,'OG 3','Haus Nord',NULL,NULL,NULL,NULL,NULL),
	(191,'Room: 13',NULL,'OG 3','Haus Nord',NULL,NULL,NULL,NULL,NULL),
	(192,'Room: 14',NULL,'OG 3','Haus Nord',NULL,NULL,NULL,NULL,NULL),
	(193,'Room: 15',NULL,'OG 3','Haus Nord',NULL,NULL,NULL,NULL,NULL),
	(194,'Room: 16',NULL,'OG 3','Haus Nord',NULL,NULL,NULL,NULL,NULL),
	(195,'Room: 17',NULL,'OG 3','Haus Nord',NULL,NULL,NULL,NULL,NULL),
	(196,'Room: 18',NULL,'OG 3','Haus Nord',NULL,NULL,NULL,NULL,NULL),
	(197,'Room: 19',NULL,'OG 3','Haus Nord',NULL,NULL,NULL,NULL,NULL),
	(198,'Room: 20',NULL,'OG 3','Haus Nord',NULL,NULL,NULL,NULL,NULL),
	(199,'Room: 21',NULL,'OG 3','Haus Nord',NULL,NULL,NULL,NULL,NULL),
	(200,'Room: 22',NULL,'OG 3','Haus Nord',NULL,NULL,NULL,NULL,NULL),
	(201,'Room: 01',NULL,'OG 3','Haus Süd',NULL,NULL,NULL,NULL,NULL),
	(202,'Room: 02',NULL,'OG 3','Haus Süd',NULL,NULL,NULL,NULL,NULL),
	(203,'Room: 03',NULL,'OG 3','Haus Süd',NULL,NULL,NULL,NULL,NULL),
	(204,'Room: 04',NULL,'OG 3','Haus Süd',NULL,NULL,NULL,NULL,NULL),
	(205,'Room: 05',NULL,'OG 3','Haus Süd',NULL,NULL,NULL,NULL,NULL),
	(206,'Room: 06',NULL,'OG 3','Haus Süd',NULL,NULL,NULL,NULL,NULL),
	(207,'Room: 07',NULL,'OG 3','Haus Süd',NULL,NULL,NULL,NULL,NULL),
	(208,'Room: 08',NULL,'OG 3','Haus Süd',NULL,NULL,NULL,NULL,NULL),
	(209,'Room: 09',NULL,'OG 3','Haus Süd',NULL,NULL,NULL,NULL,NULL),
	(210,'Room: 10',NULL,'OG 3','Haus Süd',NULL,NULL,NULL,NULL,NULL),
	(211,'Room: 11',NULL,'OG 3','Haus Süd',NULL,NULL,NULL,NULL,NULL),
	(212,'Room: 12',NULL,'OG 3','Haus Süd',NULL,NULL,NULL,NULL,NULL),
	(213,'Room: 13',NULL,'OG 3','Haus Süd',NULL,NULL,NULL,NULL,NULL),
	(214,'Room: 14',NULL,'OG 3','Haus Süd',NULL,NULL,NULL,NULL,NULL),
	(215,'Room: 15',NULL,'OG 3','Haus Süd',NULL,NULL,NULL,NULL,NULL),
	(216,'Room: 16',NULL,'OG 3','Haus Süd',NULL,NULL,NULL,NULL,NULL),
	(217,'Room: 17',NULL,'OG 3','Haus Süd',NULL,NULL,NULL,NULL,NULL),
	(218,'Room: 18',NULL,'OG 3','Haus Süd',NULL,NULL,NULL,NULL,NULL),
	(219,'Room: 19',NULL,'OG 3','Haus Süd',NULL,NULL,NULL,NULL,NULL),
	(220,'Room: 20',NULL,'OG 3','Haus Süd',NULL,NULL,NULL,NULL,NULL),
	(221,'Room: 21',NULL,'OG 3','Haus Süd',NULL,NULL,NULL,NULL,NULL),
	(222,'Room: 22',NULL,'OG 3','Haus Süd',NULL,NULL,NULL,NULL,NULL),
	(223,'Room: 23',NULL,'OG 3','Haus Süd',NULL,NULL,NULL,NULL,NULL),
	(224,'Room: 24',NULL,'OG 3','Haus Süd',NULL,NULL,NULL,NULL,NULL),
	(225,'Room: 25',NULL,'OG 3','Haus Süd',NULL,NULL,NULL,NULL,NULL),
	(226,'Room: 26',NULL,'OG 3','Haus Süd',NULL,NULL,NULL,NULL,NULL),
	(227,'Room: 27',NULL,'OG 3','Haus Süd',NULL,NULL,NULL,NULL,NULL);

/*!40000 ALTER TABLE `room` ENABLE KEYS */;
UNLOCK TABLES;



/*!40111 SET SQL_NOTES=@OLD_SQL_NOTES */;
/*!40101 SET SQL_MODE=@OLD_SQL_MODE */;
/*!40014 SET FOREIGN_KEY_CHECKS=@OLD_FOREIGN_KEY_CHECKS */;
/*!40101 SET CHARACTER_SET_CLIENT=@OLD_CHARACTER_SET_CLIENT */;
/*!40101 SET CHARACTER_SET_RESULTS=@OLD_CHARACTER_SET_RESULTS */;
/*!40101 SET COLLATION_CONNECTION=@OLD_COLLATION_CONNECTION */;
